scope,measure,n,beta,se,ci_low,ci_high,p_value,partial_r2
pooled,asjp_lexical,119,-0.3982737928891431,0.18629306301741116,-0.7634014869729197,-0.033146098805366564,0.03252579564417801,0.15875751505269364
stex,asjp_lexical,51,-0.519070868848788,0.31822257585642816,-1.1427756565949525,0.10463391889737661,0.10285727103216648,0.2507155762871571
toefl,asjp_lexical,68,-0.31107695006663116,0.38160609056819106,-1.0590111438614156,0.4368572437281534,0.41497033836954544,0.10173367110278475
pooled,concepts_lexical,156,-0.3888551209985993,0.0633224955030416,-0.5129649315957604,-0.2647453104014382,8.207148131098674e-10,0.1615610830326376
stex,concepts_lexical,63,-0.44257944281634665,0.10022238028909106,-0.6390116986278421,-0.24614718700485116,1.0055609135800124e-05,0.19274267356489838
toefl,concepts_lexical,93,-0.35412593104150536,0.08883645785833819,-0.5282421889579585,-0.18000967312505226,6.712068891299724e-05,0.14382463609125884
pooled,glottolog_genetic,170,-0.48951386493284205,0.10783496974974661,-0.7008665219163116,-0.2781612079493725,5.639517125376374e-06,0.2565965228756698
stex,glottolog_genetic,68,-0.5525376407762655,0.24655517452100498,-1.0357769030394228,-0.06929837851310822,0.02502410606623954,0.30003231411532283
toefl,glottolog_genetic,102,-0.4465183473852826,0.1502965691859996,-0.7410942099897744,-0.15194248478079092,0.0029691384632763787,0.225834298756455
pooled,l2v_genetic,172,-0.5076738394997644,0.138246709989182,-0.7786324120597149,-0.23671526693981393,0.00024044228887189364,0.2537058095043344
stex,l2v_genetic,66,-0.6441498630988741,0.10618759664292007,-0.8522737281238638,-0.4360259980738844,1.3101298069367274e-09,0.40115082795468227
toefl,l2v_genetic,106,-0.4201831988901003,0.22763514001801455,-0.8663398749411413,0.025973477160940617,0.06491215354311078,0.17570592285831033
pooled,urielplus_genetic,172,-0.4948586148125417,0.2209641451726943,-0.9279403812257025,-0.0617768483993808,0.02512063314346644,0.2419107614060746
stex,urielplus_genetic,66,-0.6572909726646797,0.13383667806098284,-0.919606041474688,-0.39497590385467135,9.05473385411811e-07,0.4176852995795489
toefl,urielplus_genetic,106,-0.4093250800980003,0.33910590984740163,-1.073960450343594,0.2553102901475933,0.22740460855510392,0.16674228403795155
pooled,modality_hyperbolic,172,-0.26630814849200757,0.09336376236449562,-0.44929776018757517,-0.08331853679644,0.0043394333323225195,0.06497300681301976
stex,modality_hyperbolic,66,-0.2828551728017125,0.11909851392121436,-0.5162839706995349,-0.049426374903890125,0.017550466304778745,0.07735031846988238
toefl,modality_hyperbolic,106,-0.24484821438860377,0.12438577737603508,-0.4886398582346496,-0.0010565705425579497,0.04901533095889069,0.059662701971858856
pooled,l2v_geographic,172,-0.402057035242983,0.09810107193291856,-0.5943316030762765,-0.20978246740968945,4.1602318935597305e-05,0.15903784973727064
stex,l2v_geographic,66,-0.5791270180288774,0.12376418245631689,-0.8217003582193025,-0.33655367783845236,2.878868604901403e-06,0.3242511375469518
toefl,l2v_geographic,106,-0.2831989046857899,0.15031019880215307,-0.5778014808470655,0.01140367147548571,0.059551936890456916,0.07981640701593895
pooled,urielplus_geographic,172,-0.4808845377463184,0.06559016547180813,-0.6094388998110849,-0.3523301756815519,2.273258052942811e-13,0.22356542776260047
stex,urielplus_geographic,66,-0.6700243620569966,0.09908860221479016,-0.8642344536764011,-0.47581427043759206,1.362208150701459e-11,0.434025297139357
toefl,urielplus_geographic,106,-0.35001889727838054,0.08827475195131965,-0.5230342318471739,-0.17700356270958717,7.336282036778547e-05,0.12192479096896425
pooled,modality_speaker,172,-0.5236914517572742,0.07158425103458582,-0.6639940056453365,-0.3833888978692118,2.559752881042222e-13,0.2179055762747525
stex,modality_speaker,66,-0.6307210592144668,0.10273816629298962,-0.8320841649864134,-0.42935795344252015,8.298430235180078e-10,0.3845993262788392
toefl,modality_speaker,106,-0.337799984221291,0.0917046688799364,-0.5175378324401374,-0.15806213600244454,0.00022999582576751652,0.11356075862807746
pooled,grambank_typological,120,-0.3116771289192374,0.13150631160323345,-0.5694247634012768,-0.05392949443719802,0.01778546215591763,0.10245580625410122
stex,grambank_typological,48,-0.42265221477425197,0.7582895221107924,-1.908872367965494,1.06356793841699,0.5772707090427122,0.1841218771447375
toefl,grambank_typological,72,-0.2301571401611237,0.2082235878182842,-0.6382678730166739,0.17795359269442645,0.26901379026844496,0.05664195138374328
pooled,qwals_typological,165,-0.4366162340792942,0.07920541857595613,-0.591856001868588,-0.28137646629000035,3.5386450063950916e-08,0.1759216994315711
stex,qwals_typological,65,-0.52707586621233,0.1113730693005191,-0.7453630708890311,-0.30878866153562906,2.2174367482302676e-06,0.2620775854276779
toefl,qwals_typological,100,-0.3691281787372154,0.10275995784281393,-0.570533995161985,-0.1677223623124458,0.00032797327001126135,0.13245800391847473
pooled,l2v_featural,172,-0.1548482712099626,0.0779956962994385,-0.307717026905986,-0.001979515513939184,0.047106235295734905,0.023732306927900182
stex,l2v_featural,66,-0.18506432911190457,0.1661186760872157,-0.5106509514023225,0.14052229317851334,0.26525820700458613,0.03311153310485904
toefl,l2v_featural,106,-0.1391678095825252,0.09068366494892709,-0.31690452686851955,0.038568907703469185,0.1248694899842123,0.019274655241540928
pooled,l2v_syntactic,172,-0.3476899626615012,0.08186823924614829,-0.5081487630616605,-0.18723116226134198,2.1670449967819455e-05,0.11834263475670292
stex,l2v_syntactic,66,-0.5732732375717786,0.1960046681137085,-0.9574353278763736,-0.1891111472671836,0.003446845383008836,0.3177292451141581
toefl,l2v_syntactic,106,-0.22305826676367135,0.085729121769431,-0.3910842578580048,-0.05503227566933788,0.009270993760807351,0.04951601453470689
pooled,urielplus_featural,172,-0.4787602951207456,0.23113121050613591,-0.9317691434159177,-0.025751446825573454,0.03832340819398787,0.1881981197016006
stex,urielplus_featural,66,-0.6502851669305384,0.13611426774161342,-0.9170642294861429,-0.383506104374934,1.7749289445779898e-06,0.4088288647177968
toefl,urielplus_featural,106,-0.35253251979919753,0.24276669961517358,-0.8283465076905916,0.12328146809219648,0.14646121073401044,0.1236822580866822
pooled,urielplus_syntactic,172,-0.5185381762807171,0.16221905798603223,-0.8364816875393548,-0.2005946650220793,0.0013909109160491365,0.22404377733104386
stex,urielplus_syntactic,66,-0.677399634229,0.10157439274379486,-0.8764817857583644,-0.4783174826996354,2.575520977462897e-11,0.4436329252581036
toefl,urielplus_syntactic,106,-0.3732454704700434,0.18194268148108203,-0.7298465734236068,-0.016644367516479963,0.04022359513990434,0.13864305748924344
pooled,urielplus_morphological,172,-0.3850345740752433,0.12385443063549183,-0.6277847974465216,-0.14228435070396497,0.0018786977357129568,0.12487220274956401
stex,urielplus_morphological,66,-0.4917230244218531,0.0996522846584905,-0.6870379133296278,-0.29640813551407835,8.040252090074495e-07,0.23376255400365753
toefl,urielplus_morphological,106,-0.26208208628261376,0.17851902494847838,-0.6119729457368388,0.08780877317161123,0.1420796391865987,0.06835711257905475
pooled,modality_island,172,-0.5511298873128188,0.17648675387852947,-0.8970375686631212,-0.20522220596251628,0.0017914959943473357,0.09576298212145629
stex,modality_island,66,-0.3396249874416153,0.17283444966006073,-0.6783742840631353,-0.000875690820095254,0.04941069255721371,0.1115149582124163
toefl,modality_island,106,-0.2972414524728525,0.1302425507143576,-0.5525121611276249,-0.04197074381808008,0.02247667277525724,0.08792811945241485
pooled,l2v_inventory,172,-0.07091723061268815,0.07846502566877234,-0.2247058549694928,0.0828713937441165,0.3660978090799837,0.004976863520402941
stex,l2v_inventory,66,-0.09115346087979576,0.14980168357677834,-0.3847593655137466,0.2024524437541551,0.5428597282351835,0.008033044635252784
toefl,l2v_inventory,106,-0.05923999218601421,0.10078406414621592,-0.256773128128172,0.13829314375614354,0.5566724102912396,0.003492520953366496
pooled,l2v_phonological,172,-0.14478537481791814,0.07953850163460051,-0.3006779734060153,0.011107223770179059,0.06871057532650086,0.018604620302454244
stex,l2v_phonological,66,-0.22738234690403164,0.12590198519804166,-0.4741457034742883,0.019381009666224996,0.07091416902527277,0.04998588027475903
toefl,l2v_phonological,106,-0.039961845063006984,0.09493867800622918,-0.22603823469506112,0.14611454456904716,0.6738115257092143,0.0015892788304679994
pooled,phoible_phonological,151,-0.023242469674035985,0.08801194363762307,-0.19574270941314637,0.1492577700650744,0.7917158618457854,0.0006010070812205726
stex,phoible_phonological,60,-0.06946069932915092,0.16982500833023526,-0.40231159933062666,0.2633902006723249,0.6825298478532342,0.004818522226288757
toefl,phoible_phonological,91,0.008236998296245485,0.10070392614584892,-0.18913907005139988,0.20561306664389087,0.9348103587143449,8.063735015806373e-05
pooled,urielplus_inventory,172,-0.19116781182334167,0.09809905990896055,-0.38343843616214146,0.0011028125154581292,0.05132861403118719,0.03563851674076923
stex,urielplus_inventory,66,-0.21615740524816202,0.137060672110316,-0.4847913862812348,0.05247657578491077,0.11477416343150612,0.045172496418473984
toefl,urielplus_inventory,106,-0.18398433027240252,0.13741934853343543,-0.45332130417689304,0.085352643632088,0.18061847781805185,0.033687649331682334
pooled,urielplus_phonological,172,-0.35907976803502145,0.07707084160491653,-0.5101358418388491,-0.20802369423119388,3.1761471647924022e-06,0.12753490746724894
stex,urielplus_phonological,66,-0.536346325469033,0.12021137381258908,-0.7719562886737891,-0.300736362264277,8.13144102890889e-06,0.27811503937215654
toefl,urielplus_phonological,106,-0.2924346066968024,0.10324867489884147,-0.4947982909500164,-0.09007092244358839,0.004620972853982723,0.08510725174375244
pooled,scripts_script,170,-0.21011956045265057,0.054228485261967246,-0.3164054385022675,-0.10383368240303364,0.0001067525084619934,0.04701428354825976
stex,scripts_script,68,-0.3708249788585134,0.10506584007734451,-0.5767502414155536,-0.16489971630147315,0.0004164191481765633,0.1351394835632378
toefl,scripts_script,102,-0.10349709671982439,0.07285372291697353,-0.24628776977675287,0.039293576337104105,0.1554286948268139,0.012132983820090204
pooled,urielplus_script,172,-0.26164254836483053,0.07046951243085538,-0.39976025473740473,-0.12352484199225636,0.00020494043929961166,0.06161984760118144
stex,urielplus_script,66,-0.3103257820049394,0.1203185210875576,-0.5461457500096752,-0.07450581400020348,0.009902883179210608,0.09310426418556905
toefl,urielplus_script,106,-0.20677595131105608,0.07923881397915063,-0.3620811728878603,-0.051470729734251874,0.009066706677322255,0.042550933310441574
