term,estimate,std.error,statistic,p.value,conf.low,conf.high,dataset,outcome,model_name,model_block,n,r.squared,adj.r.squared,AIC,BIC,p_adj_fdr
(Intercept),20.6415094339623,0.282772365189327,72.9969119158514,3.64787504097754e-91,20.0807612223393,21.2022576455853,toefl,Reading,z_featural_dist,single_distance,106,0.0859580505970533,0.077169185698948,531.340433868516,539.330751150852,
z_featural_dist,-0.888530074394059,0.284115709402336,-3.12735285304416,0.00228791141390067,-1.45194218800244,-0.325117960785682,toefl,Reading,z_featural_dist,single_distance,106,0.0859580505970533,0.077169185698948,531.340433868516,539.330751150852,0.0076263713796689
(Intercept),20.6415094339623,0.294650290070483,70.0542647659524,2.41995355316826e-89,20.0572068515632,21.2258120163613,toefl,Reading,z_script_dist,single_distance,106,0.00755614963278508,-0.0019865796976688,540.0635947013,548.053911983636,
z_script_dist,-0.263438429116698,0.29605006179769,-0.889844195664187,0.375603326219151,-0.850516811379343,0.323639953145947,toefl,Reading,z_script_dist,single_distance,106,0.00755614963278508,-0.0019865796976688,540.0635947013,548.053911983636,0.441886266140178
(Intercept),20.6415094339623,0.28183600780462,73.2394330829146,2.60052537958431e-91,20.0826180541713,21.2004008137532,toefl,Reading,z_geographic_dist,single_distance,106,0.0920014479960891,0.0832706926883592,530.637263469202,538.627580751539,
z_geographic_dist,-0.919234222682252,0.283174903738982,-3.24617121978282,0.00157431256416483,-1.48078068335507,-0.357687762009434,toefl,Reading,z_geographic_dist,single_distance,106,0.0920014479960891,0.0832706926883592,530.637263469202,538.627580751539,0.00629725025665934
(Intercept),20.6415094339623,0.279240122355002,73.9202850216504,1.01140166369141e-91,20.0877657924324,21.1952530754921,toefl,Reading,z_genetic_dist,single_distance,106,0.10865088360326,0.100080219022522,528.675563042161,536.665880324497,
z_genetic_dist,-0.998953986866252,0.280566686222565,-3.56048681443888,0.000559784448815599,-1.55532825432678,-0.442579719405722,toefl,Reading,z_genetic_dist,single_distance,106,0.10865088360326,0.100080219022522,528.675563042161,536.665880324497,0.00373189632543733
(Intercept),20.6415094339623,0.281778640465885,73.2543439056776,2.54706336118901e-91,20.0827318157568,21.2002870521677,toefl,Reading,z_syntactic_dist,single_distance,106,0.0923710541336401,0.083643852731079,530.594106763141,538.584424045477,
z_syntactic_dist,-0.921078835291937,0.283117263869788,-3.25334747412493,0.0015386975767,-1.48251099394112,-0.359646676642752,toefl,Reading,z_syntactic_dist,single_distance,106,0.0923710541336401,0.083643852731079,530.594106763141,538.584424045477,0.00629725025665934
(Intercept),20.6415094339623,0.285919023386681,72.193550430698,1.12795277395799e-90,20.0745212810509,21.2084975868736,toefl,Reading,z_morphological_dist,single_distance,106,0.0655021586162957,0.0565166024491446,533.686515976371,541.676833258707,
z_morphological_dist,-0.775633680730753,0.28727731617883,-2.69994753170112,0.00809660841603233,-1.3453153792209,-0.205951982240603,toefl,Reading,z_morphological_dist,single_distance,106,0.0655021586162957,0.0565166024491446,533.686515976371,541.676833258707,0.0202415210400808
(Intercept),20.6415094339623,0.272341760871714,75.792670826144,7.8615747808978e-93,20.101445502125,21.1815733657995,toefl,Reading,z_phonological_dist,single_distance,106,0.152146765479131,0.143994330531815,523.372528498092,531.362845780428,
z_phonological_dist,-1.18211632573855,0.273635553241356,-4.32003923370249,3.57665824718933e-05,-1.72474589639629,-0.639486755080801,toefl,Reading,z_phonological_dist,single_distance,106,0.152146765479131,0.143994330531815,523.372528498092,531.362845780428,0.000715331649437866
(Intercept),20.6415094339623,0.294314259521102,70.1342485666491,2.15439900027729e-89,20.0578732127526,21.2251456551719,toefl,Reading,z_inventory_dist,single_distance,106,0.00981850131032225,0.000297525361383055,539.821683760317,547.812001042653,
z_inventory_dist,-0.300297318669106,0.295712434894671,-1.0155045349245,0.3122220708474,-0.886706174113115,0.286111536774903,toefl,Reading,z_inventory_dist,single_distance,106,0.00981850131032225,0.000297525361383055,539.821683760317,547.812001042653,0.441886266140178
(Intercept),20.6415094339623,0.263660900748837,78.288094197271,3.15265696961168e-92,20.1184771308796,21.1645417370449,toefl,Reading,mechanistic_block,mechanistic_block,106,0.228258781568807,0.197694772918067,519.402352538409,535.382987103081,
z_syntactic_dist,-0.8452425066297,0.405768469591455,-2.08306600924593,0.0397708323337956,-1.65017799978012,-0.0403070134792813,toefl,Reading,mechanistic_block,mechanistic_block,106,0.228258781568807,0.197694772918067,519.402352538409,535.382987103081,0.0723106042432647
z_morphological_dist,-0.157291097720746,0.344012838761479,-0.457224498617634,0.648491646351461,-0.83972003138666,0.525137835945168,toefl,Reading,mechanistic_block,mechanistic_block,106,0.228258781568807,0.197694772918067,519.402352538409,535.382987103081,0.648491646351461
z_phonological_dist,-1.28282739180319,0.339235621250816,-3.78152325829816,0.000264174188291395,-1.95577961098533,-0.609875172621037,toefl,Reading,mechanistic_block,mechanistic_block,106,0.228258781568807,0.197694772918067,519.402352538409,535.382987103081,0.00264174188291395
z_inventory_dist,1.06738588221386,0.376569395717333,2.83449981425225,0.00554387230286748,0.320373497165132,1.81439826726259,toefl,Reading,mechanistic_block,mechanistic_block,106,0.228258781568807,0.197694772918067,519.402352538409,535.382987103081,0.0158396351510499
(Intercept),20.6415094339623,0.259357415979667,79.5871186331549,3.69173761991836e-90,20.1267567570027,21.1562621109218,toefl,Reading,all8_block,all8_block,106,0.282820387612475,0.223671553601133,519.630117729724,546.264508670844,
z_featural_dist,-3.25370061274813,3.60461077253029,-0.902649639052198,0.368947925951155,-10.4078551895448,3.90045396404851,toefl,Reading,all8_block,all8_block,106,0.282820387612475,0.223671553601133,519.630117729724,546.264508670844,0.441886266140178
z_script_dist,0.246682692443874,0.333318853454312,0.740080226148043,0.461038845210462,-0.414862964342497,0.908228349230246,toefl,Reading,all8_block,all8_block,106,0.282820387612475,0.223671553601133,519.630117729724,546.264508670844,0.485304047589959
z_geographic_dist,-0.35233983202698,0.386965527988128,-0.910519946980367,0.364805454136877,-1.12035928761316,0.415679623559202,toefl,Reading,all8_block,all8_block,106,0.282820387612475,0.223671553601133,519.630117729724,546.264508670844,0.441886266140178
z_genetic_dist,-0.975209131242536,0.434334757241956,-2.24529378545515,0.0270197818451407,-1.8372433944324,-0.11317486805267,toefl,Reading,all8_block,all8_block,106,0.282820387612475,0.223671553601133,519.630117729724,546.264508670844,0.0540395636902814
z_syntactic_dist,1.90285832064297,2.38596008617817,0.79752311518797,0.427095275112104,-2.83261198329876,6.6383286245847,toefl,Reading,all8_block,all8_block,106,0.282820387612475,0.223671553601133,519.630117729724,546.264508670844,0.474550305680115
z_morphological_dist,0.727903752469321,0.585055985290205,1.24416085087696,0.216438430695485,-0.433270426652404,1.88907793159105,toefl,Reading,all8_block,all8_block,106,0.282820387612475,0.223671553601133,519.630117729724,546.264508670844,0.332982201069977
z_phonological_dist,-1.13764017246799,0.442472245523667,-2.57109950731846,0.0116567819832788,-2.01582509732649,-0.2594552476095,toefl,Reading,all8_block,all8_block,106,0.282820387612475,0.223671553601133,519.630117729724,546.264508670844,0.0259039599628417
z_inventory_dist,1.84508447162375,1.14020310981299,1.6182068402939,0.108865296996546,-0.417903077187328,4.10807202043483,toefl,Reading,all8_block,all8_block,106,0.282820387612475,0.223671553601133,519.630117729724,546.264508670844,0.18144216166091
(Intercept),22.0660377358491,0.264783623449881,83.336112136957,4.7746873454464e-97,21.5409618741496,22.5911135975485,toefl,Listening,z_featural_dist,single_distance,106,0.108063438487926,0.0994871253964638,517.405836364751,525.396153647087,
z_featural_dist,-0.944361952982976,0.266041509976461,-3.5496789695207,0.0005806621275981,-1.47193225086869,-0.416791655097259,toefl,Listening,z_featural_dist,single_distance,106,0.108063438487926,0.0994871253964638,517.405836364751,525.396153647087,0.001935540425327
(Intercept),22.0660377358491,0.276957030706224,79.6731452513842,4.76576841272427e-95,21.5168215507351,22.615253920963,toefl,Listening,z_script_dist,single_distance,106,0.0241647245405471,0.0147816930457447,526.935107718395,534.925425000731,
z_script_dist,-0.446570483860123,0.278272748471651,-1.60479416799816,0.111571613315549,-0.998395786677174,0.105254818956927,toefl,Listening,z_script_dist,single_distance,106,0.0241647245405471,0.0147816930457447,526.935107718395,534.925425000731,0.171648635870075
(Intercept),22.0660377358491,0.256270426999947,86.1045029431101,1.67418543804958e-98,21.5578438621802,22.574231609518,toefl,Listening,z_geographic_dist,single_distance,106,0.16449566116724,0.156461965601541,510.477732592387,518.468049874723,
z_geographic_dist,-1.16513517623638,0.257487870560407,-4.52500994979115,1.61004606246741e-05,-1.67574328617205,-0.654527066300705,toefl,Listening,z_geographic_dist,single_distance,106,0.16449566116724,0.156461965601541,510.477732592387,518.468049874723,0.000161004606246741
(Intercept),22.0660377358491,0.259774346614817,84.9430978208471,6.73989210880256e-98,21.5508954580941,22.581180013604,toefl,Listening,z_genetic_dist,single_distance,106,0.141492197002125,0.133237314280992,513.356716790431,521.347034072768,
z_genetic_dist,-1.08060092642729,0.261008435967854,-4.14009961946357,7.07358441301266e-05,-1.59819044968037,-0.563011403174214,toefl,Listening,z_genetic_dist,single_distance,106,0.141492197002125,0.133237314280992,513.356716790431,521.347034072768,0.00045825046757665
(Intercept),22.0660377358491,0.262747347080247,83.9819620675742,2.16427866080443e-97,21.5449998866049,22.5870755850932,toefl,Listening,z_syntactic_dist,single_distance,106,0.121729280871271,0.113284370110418,515.769182751911,523.759500034247,
z_syntactic_dist,-1.00229743438679,0.263995560030432,-3.79664504308803,0.000246946702457362,-1.52581053675222,-0.478784332021355,toefl,Listening,z_syntactic_dist,single_distance,106,0.121729280871271,0.113284370110418,515.769182751911,523.759500034247,0.00098778680982945
(Intercept),22.0660377358491,0.267908270056179,82.3641529663193,1.58851199234636e-96,21.5347655826723,22.5973098890258,toefl,Listening,z_morphological_dist,single_distance,106,0.0868881800951214,0.0781082587498823,519.89295015856,527.883267440896,
z_morphological_dist,-0.846797253811997,0.269181000593182,-3.14582846466113,0.0021600701736051,-1.38059327940471,-0.313001228219279,toefl,Listening,z_morphological_dist,single_distance,106,0.0868881800951214,0.0781082587498823,519.89295015856,527.883267440896,0.00540017543401275
(Intercept),22.0660377358491,0.254777887701335,86.6089201654585,9.19549181243786e-99,21.5608036236191,22.5712718480791,toefl,Listening,z_phonological_dist,single_distance,106,0.174199408055299,0.166259017748139,509.239418241879,517.229735524215,
z_phonological_dist,-1.19900895839413,0.25598824077391,-4.68384389364628,8.54508825411027e-06,-1.70664324618735,-0.691374670600918,toefl,Listening,z_phonological_dist,single_distance,106,0.174199408055299,0.166259017748139,509.239418241879,517.229735524215,0.000161004606246741
(Intercept),22.0660377358491,0.278789084761629,79.149575582258,9.35702193153743e-95,21.5131885187927,22.6188869529054,toefl,Listening,z_inventory_dist,single_distance,106,0.0112118415065572,0.00170426305950489,528.332856999544,536.32317428188,
z_inventory_dist,-0.3041848396991,0.280113505920725,-1.08593421334417,0.280018765539979,-0.859660433614819,0.25129075421662,toefl,Listening,z_inventory_dist,single_distance,106,0.0112118415065572,0.00170426305950489,528.332856999544,536.32317428188,0.350023456924973
(Intercept),22.0660377358491,0.241559163511023,91.348377826462,6.68107613696088e-99,21.5868493341442,22.5452261375539,toefl,Listening,mechanistic_block,mechanistic_block,106,0.279080466404029,0.250529197746763,500.841883113524,516.822517678197,
z_syntactic_dist,-0.963277256575364,0.37175437015984,-2.59116592539636,0.0109805116368261,-1.70073792614567,-0.225816587005055,toefl,Listening,mechanistic_block,mechanistic_block,106,0.279080466404029,0.250529197746763,500.841883113524,516.822517678197,0.0219610232736522
z_morphological_dist,-0.199568921412618,0.315175489927631,-0.633199369209966,0.528034627905349,-0.824792312153783,0.425654469328546,toefl,Listening,mechanistic_block,mechanistic_block,106,0.279080466404029,0.250529197746763,500.841883113524,516.822517678197,0.565002599672287
z_phonological_dist,-1.26661507096807,0.310798729238016,-4.07535472900236,9.16500935153301e-05,-1.88315614583673,-0.650073996099416,toefl,Listening,mechanistic_block,mechanistic_block,106,0.279080466404029,0.250529197746763,500.841883113524,516.822517678197,0.00045825046757665
z_inventory_dist,1.1505797959763,0.345002948768586,3.3349853967424,0.00119397985691734,0.466186750392953,1.83497284155965,toefl,Listening,mechanistic_block,mechanistic_block,106,0.279080466404029,0.250529197746763,500.841883113524,516.822517678197,0.00341137101976382
(Intercept),22.0660377358491,0.233956583209495,94.3168062772149,3.1959125804665e-97,21.6016986806326,22.5303767910656,toefl,Listening,all8_block,all8_block,106,0.350527660198887,0.296962931143125,497.778951552755,524.413342493876,
z_featural_dist,-2.12918632157468,3.25158398481052,-0.654815109042542,0.514136580884182,-8.58268044749986,4.3243078043505,toefl,Listening,all8_block,all8_block,106,0.350527660198887,0.296962931143125,497.778951552755,524.413342493876,0.565002599672287
z_script_dist,0.173611414732564,0.300674417883586,0.577406671158112,0.565002599672287,-0.423144073882246,0.770366903347375,toefl,Listening,all8_block,all8_block,106,0.350527660198887,0.296962931143125,497.778951552755,524.413342493876,0.565002599672287
z_geographic_dist,-0.623887509827776,0.349067067953277,-1.78729982603596,0.0770123039694601,-1.31668901306856,0.0689139934130122,toefl,Listening,all8_block,all8_block,106,0.350527660198887,0.296962931143125,497.778951552755,524.413342493876,0.1283538399491
z_genetic_dist,-0.960386179774726,0.391797070423543,-2.45123369283115,0.0160264187485404,-1.73799490965668,-0.182777449892767,toefl,Listening,all8_block,all8_block,106,0.350527660198887,0.296962931143125,497.778951552755,524.413342493876,0.0291389431791643
z_syntactic_dist,1.2881141045086,2.15228497449342,0.598486780223789,0.550910178778683,-2.983575787278,5.55980399629521,toefl,Listening,all8_block,all8_block,106,0.350527660198887,0.296962931143125,497.778951552755,524.413342493876,0.565002599672287
z_morphological_dist,0.589391005711646,0.527757028993117,1.11678475763007,0.266845057757397,-0.458060606312848,1.63684261773614,toefl,Listening,all8_block,all8_block,106,0.350527660198887,0.296962931143125,497.778951552755,524.413342493876,0.350023456924973
z_phonological_dist,-1.18160003509712,0.399137592949591,-2.96038272507785,0.0038622349140722,-1.97377767023399,-0.38942239996026,toefl,Listening,all8_block,all8_block,106,0.350527660198887,0.296962931143125,497.778951552755,524.413342493876,0.00858274425349378
z_inventory_dist,1.41909576154265,1.02853439809718,1.37972610752545,0.170843217568458,-0.622260305973757,3.46045182905907,toefl,Listening,all8_block,all8_block,106,0.350527660198887,0.296962931143125,497.778951552755,524.413342493876,0.244061739383511
(Intercept),21.7735849056604,0.231057816971726,94.2343574046868,1.58445517648086e-102,21.315388583818,22.2317812275027,toefl,Speaking,z_featural_dist,single_distance,106,0.117047472482868,0.108557544333665,488.521894658746,496.512211941082,
z_featural_dist,-0.862001380840244,0.232155484988513,-3.71303473998426,0.000331248521640304,-1.32237441955149,-0.401628342128993,toefl,Speaking,z_featural_dist,single_distance,106,0.117047472482868,0.108557544333665,488.521894658746,496.512211941082,0.00165624260820152
(Intercept),21.7735849056604,0.240607870192519,90.4940677469883,1.01698538561702e-100,21.2964504699013,22.2507193414195,toefl,Speaking,z_script_dist,single_distance,106,0.0425509333104413,0.0333446922845801,497.108010108074,505.09832739041,
z_script_dist,-0.519734428692772,0.241750906888524,-2.14987581797338,0.0338830366945963,-0.999135549114187,-0.0403333082713559,toefl,Speaking,z_script_dist,single_distance,106,0.0425509333104413,0.0333446922845801,497.108010108074,505.09832739041,0.0714247501231837
(Intercept),21.7735849056604,0.230445605602589,94.4847043133019,1.20619639388304e-102,21.3166026219372,22.2305671893836,toefl,Speaking,z_geographic_dist,single_distance,106,0.121720220254639,0.113275222372472,487.959433450265,495.949750732601,
z_geographic_dist,-0.879039329135151,0.231540365235455,-3.79648416051019,0.000247087311722711,-1.33819256229281,-0.419886095977495,toefl,Speaking,z_geographic_dist,single_distance,106,0.121720220254639,0.113275222372472,487.959433450265,495.949750732601,0.00164724874481808
(Intercept),21.7735849056604,0.223711884309091,97.3286911998692,5.71218910829654e-104,21.3299558439551,22.2172139673657,toefl,Speaking,z_genetic_dist,single_distance,106,0.172297753064716,0.164339077613415,481.672391759865,489.662709042201,
z_genetic_dist,-1.04584361287062,0.224774654587108,-4.65285383172645,9.67897871698047e-06,-1.49158018791927,-0.600107037821962,toefl,Speaking,z_genetic_dist,single_distance,106,0.172297753064716,0.164339077613415,481.672391759865,489.662709042201,0.000193579574339609
(Intercept),21.7735849056604,0.229498872563366,94.8744743817795,7.89935143655063e-103,21.3184800290815,22.2286897822392,toefl,Speaking,z_syntactic_dist,single_distance,106,0.128921819751183,0.120546068018021,487.086685989212,495.077003271548,
z_syntactic_dist,-0.904669929649385,0.230589134626788,-3.92329816889944,0.000156995302295305,-1.36193683681371,-0.447403022485056,toefl,Speaking,z_syntactic_dist,single_distance,106,0.128921819751183,0.120546068018021,487.086685989212,495.077003271548,0.00156995302295305
(Intercept),21.7735849056604,0.238505604367163,91.2917118381061,4.12883040909109e-101,21.3006193419236,22.2465504693971,toefl,Speaking,z_morphological_dist,single_distance,106,0.0592089018671816,0.0501628336159046,495.247560594954,503.23787787729,
z_morphological_dist,-0.613084652869235,0.239638653995907,-2.55837129213598,0.0119567919375261,-1.08829709653917,-0.137872209199303,toefl,Speaking,z_morphological_dist,single_distance,106,0.0592089018671816,0.0501628336159046,495.247560594954,503.23787787729,0.0341622626786461
(Intercept),21.7735849056604,0.233819261511131,93.1214339013035,5.37346460743135e-102,21.3099125356691,22.2372572756517,toefl,Speaking,z_phonological_dist,single_distance,106,0.0958164709888131,0.0871223985944749,491.040552408436,499.030869690773,
z_phonological_dist,-0.779914558304734,0.234930048103133,-3.31977354366503,0.00124296186665767,-1.24578965979187,-0.314039456817594,toefl,Speaking,z_phonological_dist,single_distance,106,0.0958164709888131,0.0871223985944749,491.040552408436,499.030869690773,0.00497184746663069
(Intercept),21.7735849056604,0.240858599107843,90.3998652583352,1.13180544253255e-100,21.2959532650532,22.2512165462675,toefl,Speaking,z_inventory_dist,single_distance,106,0.0405544462889396,0.0313290082724871,497.328812752674,505.31913003501,
z_inventory_dist,-0.507394995708845,0.242002826921789,-2.09664904399165,0.0384502782716548,-0.987295683009898,-0.0274943084077914,toefl,Speaking,z_inventory_dist,single_distance,106,0.0405544462889396,0.0313290082724871,497.328812752674,505.31913003501,0.0714247501231837
(Intercept),21.7735849056604,0.228757931755738,95.1817702605812,1.10207099015256e-100,21.3197907042645,22.2273791070562,toefl,Speaking,mechanistic_block,mechanistic_block,106,0.159502589718637,0.12621556356888,489.298472794412,505.279107359085,
z_syntactic_dist,-0.861441208001681,0.352053549129968,-2.44690391598257,0.0161359095850178,-1.55982074811135,-0.163061667892008,toefl,Speaking,mechanistic_block,mechanistic_block,106,0.159502589718637,0.12621556356888,489.298472794412,505.279107359085,0.0403397739625445
z_morphological_dist,-0.00344391636510425,0.29847302072089,-0.0115384511363416,0.990816613222652,-0.595534101114944,0.588646268384736,toefl,Speaking,mechanistic_block,mechanistic_block,106,0.159502589718637,0.12621556356888,489.298472794412,505.279107359085,0.990816613222652
z_phonological_dist,-0.537227105778742,0.294328202910654,-1.82526547053944,0.0709163271789941,-1.12109508693681,0.0466408753793304,toefl,Speaking,mechanistic_block,mechanistic_block,106,0.159502589718637,0.12621556356888,489.298472794412,505.279107359085,0.118193878631657
z_inventory_dist,0.370245310012835,0.32671979759663,1.13321969692801,0.25980486510748,-0.27787888175898,1.01836950178465,toefl,Speaking,mechanistic_block,mechanistic_block,106,0.159502589718637,0.12621556356888,489.298472794412,505.279107359085,0.371149807296401
(Intercept),21.7735849056604,0.218767691675697,99.5283386631776,1.82746991585733e-99,21.3393915956409,22.2077782156799,toefl,Speaking,all8_block,all8_block,106,0.26175453777036,0.200868314081317,483.548418034761,510.182808975882,
z_featural_dist,1.68032514931813,3.04048517416453,0.552650334754502,0.581774185378657,-4.35419627257799,7.71484657121425,toefl,Speaking,all8_block,all8_block,106,0.26175453777036,0.200868314081317,483.548418034761,510.182808975882,0.702468960777708
z_script_dist,0.0934569323809067,0.281154081855545,0.332404679185573,0.740300972248691,-0.464556092720267,0.65146995748208,toefl,Speaking,all8_block,all8_block,106,0.26175453777036,0.200868314081317,483.548418034761,510.182808975882,0.779264181314411
z_geographic_dist,-0.541625809160687,0.326404992108138,-1.6593674185634,0.100271712197931,-1.18944936502842,0.106197746707046,toefl,Speaking,all8_block,all8_block,106,0.26175453777036,0.200868314081317,483.548418034761,510.182808975882,0.154264172612201
z_genetic_dist,-1.10924077100246,0.366360884254785,-3.02772708188749,0.00315645257890194,-1.83636571243152,-0.382115829573402,toefl,Speaking,all8_block,all8_block,106,0.26175453777036,0.200868314081317,483.548418034761,510.182808975882,0.0105215085963398
z_syntactic_dist,-0.983026413565,2.01255467676492,-0.488447059309297,0.626335646142408,-4.97739034366122,3.01133751653122,toefl,Speaking,all8_block,all8_block,106,0.26175453777036,0.200868314081317,483.548418034761,510.182808975882,0.702468960777708
z_morphological_dist,0.341423032585822,0.49349407233847,0.691848295092897,0.490685329401106,-0.638026094944803,1.32087216011645,toefl,Speaking,all8_block,all8_block,106,0.26175453777036,0.200868314081317,483.548418034761,510.182808975882,0.654247105868141
z_phonological_dist,-0.779837521974746,0.373224846562181,-2.08945767988901,0.039283612567751,-1.52058552854322,-0.0390895154062743,toefl,Speaking,all8_block,all8_block,106,0.26175453777036,0.200868314081317,483.548418034761,510.182808975882,0.0714247501231837
z_inventory_dist,-0.461761520423346,0.961760053912603,-0.480121334364867,0.632222064699937,-2.37058899880575,1.44706595795906,toefl,Speaking,all8_block,all8_block,106,0.26175453777036,0.200868314081317,483.548418034761,510.182808975882,0.702468960777708
(Intercept),21.122641509434,0.197650111430127,106.868857075758,3.75671689212691e-108,20.7306939213543,21.5145890975136,toefl,Writing,z_featural_dist,single_distance,106,0.105413913722289,0.0968121244311569,455.413936149879,463.404253432215,
z_featural_dist,-0.695200243495767,0.19858907211397,-3.50069737521504,0.000684840382257645,-1.08900982584735,-0.30139066114418,toefl,Writing,z_featural_dist,single_distance,106,0.105413913722289,0.0968121244311569,455.413936149879,463.404253432215,0.0044405827547595
(Intercept),21.122641509434,0.208011694277062,101.545451965309,7.2598965025313e-106,20.7101465137351,21.5351365051328,toefl,Writing,z_script_dist,single_distance,106,0.00916003583922544,-0.000367271508474376,466.246276932798,474.236594215134,
z_script_dist,-0.20493188420645,0.208999878909454,-0.980535899234822,0.329097165103251,-0.619386487114451,0.209522718701551,toefl,Writing,z_script_dist,single_distance,106,0.00916003583922544,-0.000367271508474376,466.246276932798,474.236594215134,0.387173135415589
(Intercept),21.122641509434,0.202570349575222,104.273115753252,4.73403980641858e-107,20.7209369044734,21.5243461143946,toefl,Writing,z_geographic_dist,single_distance,106,0.0603204678579015,0.0512850877411506,460.62677828748,468.617095569817,
z_geographic_dist,-0.5258880440641,0.203532684443578,-2.58380144447947,0.0111601746897652,-0.929500995181685,-0.122275092946515,toefl,Writing,z_geographic_dist,single_distance,106,0.0603204678579015,0.0512850877411506,460.62677828748,468.617095569817,0.0318862133993291
(Intercept),21.122641509434,0.194345123339136,108.686244071967,6.60493829726288e-109,20.7372478367633,21.5080351821046,toefl,Writing,z_genetic_dist,single_distance,106,0.135081259859851,0.12676473351235,451.839024947199,459.829342229536,
z_genetic_dist,-0.786970581572974,0.195268383278591,-4.03019970954642,0.000106324646595464,-1.17419511335023,-0.399746049795722,toefl,Writing,z_genetic_dist,single_distance,106,0.135081259859851,0.12676473351235,451.839024947199,459.829342229536,0.00106324646595464
(Intercept),21.122641509434,0.198111352065291,106.620046197417,4.77687922080473e-108,20.7297792638661,21.5155037550019,toefl,Writing,z_syntactic_dist,single_distance,106,0.101233790568712,0.0925918077857192,455.908087642362,463.898404924699,
z_syntactic_dist,-0.681276950895359,0.19905250392838,-3.42259925120301,0.0008881165509519,-1.07600553592589,-0.286548365864831,toefl,Writing,z_syntactic_dist,single_distance,106,0.101233790568712,0.0925918077857192,455.908087642362,463.898404924699,0.0044405827547595
(Intercept),21.122641509434,0.203760334556448,103.664148154323,8.65538557612241e-107,20.7185771195996,21.5267058992683,toefl,Writing,z_morphological_dist,single_distance,106,0.0492478805923041,0.040106033290307,461.868513391993,469.858830674329,
z_morphological_dist,-0.47517624277959,0.204728322591926,-2.32100882166037,0.0222373977005524,-0.881160189213445,-0.0691922963457354,toefl,Writing,z_morphological_dist,single_distance,106,0.0492478805923041,0.040106033290307,461.868513391993,469.858830674329,0.0494164393345609
(Intercept),21.122641509434,0.192278105597494,109.854637083076,2.19302413624366e-109,20.7413468105129,21.503936208355,toefl,Writing,z_phonological_dist,single_distance,106,0.153381642061076,0.145241080927048,449.572156825241,457.562474107577,
z_phonological_dist,-0.838586058770107,0.193191545919959,-4.34069749158456,3.30355652243648e-05,-1.22169214412879,-0.455479973411425,toefl,Writing,z_phonological_dist,single_distance,106,0.153381642061076,0.145241080927048,449.572156825241,457.562474107577,0.000660711304487297
(Intercept),21.122641509434,0.205488826286454,102.792165837712,2.06616200842608e-106,20.7151494556348,21.5301335632331,toefl,Writing,z_inventory_dist,single_distance,106,0.0330490704346356,0.0237514653426609,463.659316945252,471.649634227588,
z_inventory_dist,-0.389260710498193,0.206465025730289,-1.88535907774857,0.0621723114725664,-0.798688604427785,0.020167183431399,toefl,Writing,z_inventory_dist,single_distance,106,0.0330490704346356,0.0237514653426609,463.659316945252,471.649634227588,0.103620519120944
(Intercept),21.122641509434,0.1907880796818,110.712585108371,2.98405390179657e-107,20.7441692807748,21.5011137380931,toefl,Writing,mechanistic_block,mechanistic_block,106,0.190496892634423,0.158437363629845,450.820240379604,466.800874944277,
z_syntactic_dist,-0.560674128208767,0.293618761404911,-1.90953100382975,0.0590312423777047,-1.14313476825711,0.0217865118395799,toefl,Writing,mechanistic_block,mechanistic_block,106,0.190496892634423,0.158437363629845,450.820240379604,466.800874944277,0.103620519120944
z_morphological_dist,0.0422445187778654,0.248931672109054,0.169703270057812,0.865582948089196,-0.451568956802444,0.536057994358175,toefl,Writing,mechanistic_block,mechanistic_block,106,0.190496892634423,0.158437363629845,450.820240379604,466.800874944277,0.865582948089196
z_phonological_dist,-0.80832421037355,0.245474822221592,-3.29290068552884,0.00136737845783988,-1.29528022565954,-0.321368195087562,toefl,Writing,mechanistic_block,mechanistic_block,106,0.190496892634423,0.158437363629845,450.820240379604,466.800874944277,0.00546951383135951
z_inventory_dist,0.427366575665196,0.272489973567545,1.5683754160564,0.119921319813718,-0.113180232895298,0.967913384225689,toefl,Writing,mechanistic_block,mechanistic_block,106,0.190496892634423,0.158437363629845,450.820240379604,466.800874944277,0.18449433817495
(Intercept),21.122641509434,0.183599881902088,115.047141047174,1.61681641388593e-105,20.7582465668735,21.4870364519945,toefl,Writing,all8_block,all8_block,106,0.280035302111237,0.220656770326597,446.395086626227,473.029477567347,
z_featural_dist,-2.82338260212475,2.55171462762969,-1.10646487328695,0.271261891979588,-7.88782978767244,2.24106458342295,toefl,Writing,all8_block,all8_block,106,0.280035302111237,0.220656770326597,446.395086626227,473.029477567347,0.34986919052267
z_script_dist,0.138427130369438,0.235957402254304,0.586661528932447,0.558793923549218,-0.329882996796308,0.606737257535185,toefl,Writing,all8_block,all8_block,106,0.280035302111237,0.220656770326597,446.395086626227,473.029477567347,0.588204130051809
z_geographic_dist,-0.170197807939242,0.273934041833489,-0.621309446610133,0.535853432132331,-0.713881052204691,0.373485436326208,toefl,Writing,all8_block,all8_block,106,0.280035302111237,0.220656770326597,446.395086626227,473.029477567347,0.588204130051809
z_genetic_dist,-0.941161971131974,0.307466859331476,-3.0610192369296,0.00285351303409669,-1.55139857577805,-0.330925366485894,toefl,Writing,all8_block,all8_block,106,0.280035302111237,0.220656770326597,446.395086626227,473.029477567347,0.00951171011365565
z_syntactic_dist,1.83534072848865,1.68902820222326,1.08662527130856,0.279895352418136,-1.51691270629537,5.18759416327268,toefl,Writing,all8_block,all8_block,106,0.280035302111237,0.220656770326597,446.395086626227,473.029477567347,0.34986919052267
z_morphological_dist,0.815571051897821,0.414162862471658,1.96920372587398,0.0517827444779838,-0.00642758403559973,1.63756968783124,toefl,Writing,all8_block,all8_block,106,0.280035302111237,0.220656770326597,446.395086626227,473.029477567347,0.103565488955968
z_phonological_dist,-0.73000045841649,0.313227411355247,-2.33057654583289,0.0218471754439505,-1.35167016422839,-0.108330752604592,toefl,Writing,all8_block,all8_block,106,0.280035302111237,0.220656770326597,446.395086626227,473.029477567347,0.0494164393345609
z_inventory_dist,1.16878612741461,0.807153153941315,1.44803513646381,0.150831844828445,-0.433189451877034,2.77076170670625,toefl,Writing,all8_block,all8_block,106,0.280035302111237,0.220656770326597,446.395086626227,473.029477567347,0.215474064040635
(Intercept),85.5849056603774,0.87631152790569,97.6649318592419,4.00594150533965e-104,83.8471470156501,87.3226643051046,toefl,Total,z_featural_dist,single_distance,106,0.125614343256027,0.117206788864258,771.129275678272,779.119592960609,
z_featural_dist,-3.4033105594932,0.880474551470658,-3.86531394213341,0.000193404085448436,-5.14932463617344,-1.65729648281296,toefl,Total,z_featural_dist,single_distance,106,0.125614343256027,0.117206788864258,771.129275678272,779.119592960609,0.000773616341793743
(Intercept),85.5849056603774,0.927200700403939,92.3046171374675,1.32883167834426e-101,83.7462318768944,87.4235794438603,toefl,Total,z_script_dist,single_distance,106,0.0211109348350479,0.0116985399776927,783.096335257645,791.086652539981,
z_script_dist,-1.39519752689131,0.931605479118264,-1.49762700860436,0.137259202937217,-3.24260615186068,0.452211098078056,toefl,Total,z_script_dist,single_distance,106,0.0211109348350479,0.0116985399776927,783.096335257645,791.086652539981,0.211168004518795
(Intercept),85.5849056603774,0.873595921376535,97.9685270571321,2.91080632913865e-104,83.8525321653046,87.3172791554501,toefl,Total,z_geographic_dist,single_distance,106,0.131025223216044,0.122669696516198,770.471287684028,778.461604966364,
z_geographic_dist,-3.47583713896163,0.877746044125282,-3.95995762353503,0.000137458961573226,-5.2164404831847,-1.73523379473855,toefl,Total,z_geographic_dist,single_distance,106,0.131025223216044,0.122669696516198,770.471287684028,778.461604966364,0.000687294807866129
(Intercept),85.5849056603774,0.855517934844383,100.038704245218,3.38348072406371e-105,83.8883814910011,87.2814298297536,toefl,Total,z_genetic_dist,single_distance,106,0.166617815903874,0.158604525672181,766.038181347297,774.028498629634,
z_genetic_dist,-3.91960843686744,0.859582175938554,-4.55989961935603,1.40243307937265e-05,-5.62419214885013,-2.21502472488475,toefl,Total,z_genetic_dist,single_distance,106,0.166617815903874,0.158604525672181,766.038181347297,774.028498629634,0.000140243307937265
(Intercept),85.5849056603774,0.872357219142425,98.107637309991,2.51538285438275e-104,83.8549885583189,87.3148227624358,toefl,Total,z_syntactic_dist,single_distance,106,0.133487775610674,0.125155927299238,770.170472144827,778.160789427164,
z_syntactic_dist,-3.50834838708322,0.876501457286866,-4.00267262297886,0.000117623395875603,-5.24648366890074,-1.77021310526569,toefl,Total,z_syntactic_dist,single_distance,106,0.133487775610674,0.125155927299238,770.170472144827,778.160789427164,0.000687294807866129
(Intercept),85.5849056603774,0.897453131854262,95.3642063553192,4.65225522671747e-103,83.80522242165,87.3645888991047,toefl,Total,z_morphological_dist,single_distance,106,0.082915126788609,0.0740970030077301,776.183195627585,784.173512909921,
z_morphological_dist,-2.76502364660232,0.901716591157705,-3.0663998796477,0.0027612327321255,-4.55316148512103,-0.976885808083608,toefl,Total,z_morphological_dist,single_distance,106,0.082915126788609,0.0740970030077301,776.183195627585,784.173512909921,0.00788923637750142
(Intercept),85.5849056603774,0.849966879949189,100.692047748371,1.73109141254757e-105,83.8993894411698,87.2704218795849,toefl,Total,z_phonological_dist,single_distance,106,0.177397582415922,0.169487943785306,764.658130603589,772.648447885925,
z_phonological_dist,-4.04441594254433,0.854004750087822,-4.73582370839087,6.92609504279778e-06,-5.73793940976384,-2.35089247532483,toefl,Total,z_phonological_dist,single_distance,106,0.177397582415922,0.169487943785306,764.658130603589,772.648447885925,0.000138521900855956
(Intercept),85.5849056603774,0.925550558164405,92.4691848602126,1.10655890778999e-101,83.7495041708794,87.4203071498753,toefl,Total,z_inventory_dist,single_distance,106,0.0245920987525911,0.0152131766252122,782.718701999361,790.709019281697,
z_inventory_dist,-1.50584323504743,0.929947497679073,-1.61927768912294,0.108416172887974,-3.34996402060467,0.338277550509811,toefl,Total,z_inventory_dist,single_distance,106,0.0245920987525911,0.0152131766252122,782.718701999361,790.709019281697,0.180693621479957
(Intercept),85.5849056603774,0.820244823301785,104.340683694737,1.12862949045969e-104,83.9577605743798,87.2120507463749,toefl,Total,mechanistic_block,mechanistic_block,106,0.256020436586905,0.22655589942203,760.0094311485,775.990065713172,
z_syntactic_dist,-3.16254258928132,1.26233918528,-2.50530334965386,0.0138330729377809,-5.66668396736699,-0.658401211195659,toefl,Total,mechanistic_block,mechanistic_block,106,0.256020436586905,0.22655589942203,760.0094311485,775.990065713172,0.0251510417050562
z_morphological_dist,-0.39847032771833,1.0702184106253,-0.372326175444427,0.710430118548292,-2.52149576880961,1.72455511337295,toefl,Total,mechanistic_block,mechanistic_block,106,0.256020436586905,0.22655589942203,760.0094311485,775.990065713172,0.710430118548292
z_phonological_dist,-3.95106579763532,1.05535656375388,-3.74382074583537,0.000301495054443567,-6.04460933232659,-1.85752226294404,toefl,Total,mechanistic_block,mechanistic_block,106,0.256020436586905,0.22655589942203,760.0094311485,775.990065713172,0.00100498351481189
z_inventory_dist,3.03481531132742,1.17150133589683,2.59053508377279,0.0109993742920663,0.710871791304975,5.35875883134987,toefl,Total,mechanistic_block,mechanistic_block,106,0.256020436586905,0.22655589942203,760.0094311485,775.990065713172,0.0219987485841326
(Intercept),85.5849056603774,0.787881086931179,108.62667867017,4.06744826590098e-103,84.0211797993231,87.1486315214316,toefl,Total,all8_block,all8_block,106,0.340756705805493,0.286386124840998,755.19181441145,781.826205352571,
z_featural_dist,-6.91649342774691,10.9501578842367,-0.631634128098151,0.529111749660295,-28.6495256711053,14.8165388156114,toefl,Total,all8_block,all8_block,106,0.340756705805493,0.286386124840998,755.19181441145,781.826205352571,0.581499698427645
z_script_dist,0.669177966454897,1.01256260424351,0.660875647244394,0.510258639870573,-1.34047851147789,2.67883444438769,toefl,Total,all8_block,all8_block,106,0.340756705805493,0.286386124840998,755.19181441145,781.826205352571,0.581499698427645
z_geographic_dist,-1.65289453720571,1.17553153297952,-1.406082687562,0.162894920641479,-3.98599922660072,0.680210152189297,toefl,Total,all8_block,all8_block,106,0.340756705805493,0.286386124840998,755.19181441145,781.826205352571,0.232281473644111
z_genetic_dist,-3.97554318521029,1.31943071431052,-3.01307461020244,0.00329899473296202,-6.59424791624137,-1.35683845417921,toefl,Total,all8_block,all8_block,106,0.340756705805493,0.286386124840998,755.19181441145,781.826205352571,0.00824748683240506
z_syntactic_dist,4.32138918601231,7.24811673100506,0.59620855270264,0.552424713506262,-10.0641161449493,18.7068945169739,toefl,Total,all8_block,all8_block,106,0.340756705805493,0.286386124840998,755.19181441145,781.826205352571,0.581499698427645
z_morphological_dist,2.43283093120723,1.77729464131527,1.368839400431,0.174211105233083,-1.0946069517896,5.96026881420406,toefl,Total,all8_block,all8_block,106,0.340756705805493,0.286386124840998,755.19181441145,781.826205352571,0.232281473644111
z_phonological_dist,-3.85595889746226,1.34415093712762,-2.86869486971624,0.0050580798890764,-6.52372642788187,-1.18819136704266,toefl,Total,all8_block,all8_block,106,0.340756705805493,0.286386124840998,755.19181441145,781.826205352571,0.0112401775312809
z_inventory_dist,4.13075932151805,3.46373155395793,1.1925749028668,0.235945065440605,-2.7437890037505,11.0053076467866,toefl,Total,all8_block,all8_block,106,0.340756705805493,0.286386124840998,755.19181441145,781.826205352571,0.294931331800756
