term,estimate,std.error,statistic,p.value,conf.low,conf.high,dataset,outcome,model_name,model_block,family_name,n,AIC,BIC,p_adj_fdr
z_featural_dist,0.283886050192521,0.443026976876046,0.640787277096107,0.52206521344536,-0.587335644162847,1.15510774454789,stex,Speaking,z_featural_dist,single_distance,gaussian_pair_weighted,536,5234.0583304225,5975.21354028775,0.659450795930981
AaA,-0.906288112673062,0.287946967897581,-3.14741328686405,0.00178347163637013,-1.47254176843274,-0.340034456913379,stex,Speaking,z_featural_dist,single_distance,gaussian_pair_weighted,536,5234.0583304225,5975.21354028775,0.00402894265544343
LoR,0.228157345782587,0.511871146831687,0.445731991722536,0.65605657617181,-0.77844782977335,1.23476252133852,stex,Speaking,z_featural_dist,single_distance,gaussian_pair_weighted,536,5234.0583304225,5975.21354028775,0.705838937987119
Edu.day,3.80020195632725,2.571872575988,1.47760118125891,0.140381635940134,-1.257438549265,8.85784246191949,stex,Speaking,z_featural_dist,single_distance,gaussian_pair_weighted,536,5234.0583304225,5975.21354028775,0.216732555270051
prop_female,16.191647310634,5.01420511062772,3.22915536030137,0.00135477334476456,6.33110946454098,26.0521851567271,stex,Speaking,z_featural_dist,single_distance,gaussian_pair_weighted,536,5234.0583304225,5975.21354028775,0.00402894265544343
Enroll,0.395020266108565,0.113917223483189,3.46760791766365,0.000588120661915133,0.17099969481263,0.6190408374045,stex,Speaking,z_featural_dist,single_distance,gaussian_pair_weighted,536,5234.0583304225,5975.21354028775,0.00402894265544343
z_script_dist,1.13571003064632,0.663596485313175,1.71144672369736,0.0878528751839994,-0.169266154730695,2.44068621602333,stex,Speaking,z_script_dist,single_distance,gaussian_pair_weighted,536,5232.35075325047,5973.50596311572,0.162189923416614
AaA,-0.933179188363414,0.289076799795927,-3.22813587607926,0.00135947434050546,-1.50165468187157,-0.36470369485526,stex,Speaking,z_script_dist,single_distance,gaussian_pair_weighted,536,5232.35075325047,5973.50596311572,0.00402894265544343
LoR,0.225849373847426,0.507874087197103,0.444695603774279,0.656804770816249,-0.772895501435518,1.22459424913037,stex,Speaking,z_script_dist,single_distance,gaussian_pair_weighted,536,5232.35075325047,5973.50596311572,0.705838937987119
Edu.day,3.63542322477249,2.5732451660721,1.41277763685523,0.158577924556322,-1.42491650755118,8.69576295709615,stex,Speaking,z_script_dist,single_distance,gaussian_pair_weighted,536,5232.35075325047,5973.50596311572,0.230658799354651
prop_female,15.7684201071036,4.98288157063038,3.16451833815283,0.00168455705089413,5.96948064895103,25.5673595652562,stex,Speaking,z_script_dist,single_distance,gaussian_pair_weighted,536,5232.35075325047,5973.50596311572,0.00402894265544343
Enroll,0.409244804056441,0.112808992592569,3.62776756224129,0.000326831843327767,0.187403591681424,0.631086016431457,stex,Speaking,z_script_dist,single_distance,gaussian_pair_weighted,536,5232.35075325047,5973.50596311572,0.00402894265544343
z_geographic_dist,0.964404871576962,0.961691353760235,1.00282160987111,0.316614943090537,-0.926781025448719,2.85559076860264,stex,Speaking,z_geographic_dist,single_distance,gaussian_pair_weighted,536,5233.79294986899,5974.94815973424,0.422153257454049
AaA,-0.925196168870946,0.293164554156632,-3.15589369776481,0.00173377998344484,-1.501710315703,-0.348682022038892,stex,Speaking,z_geographic_dist,single_distance,gaussian_pair_weighted,536,5233.79294986899,5974.94815973424,0.00402894265544343
LoR,0.221937470459962,0.510616216570108,0.434646341533671,0.664077415589444,-0.782199858834105,1.22607479975403,stex,Speaking,z_geographic_dist,single_distance,gaussian_pair_weighted,536,5233.79294986899,5974.94815973424,0.705838937987119
Edu.day,3.78504855084717,2.55127692426243,1.48358985057705,0.138785484539196,-1.23209018052079,8.80218728221513,stex,Speaking,z_geographic_dist,single_distance,gaussian_pair_weighted,536,5233.79294986899,5974.94815973424,0.216732555270051
prop_female,16.0457314172348,5.00942111875822,3.2031109057991,0.00147971421767905,6.19460138989742,25.8968614445721,stex,Speaking,z_geographic_dist,single_distance,gaussian_pair_weighted,536,5233.79294986899,5974.94815973424,0.00402894265544343
Enroll,0.400876831412494,0.113815302866527,3.52216987800499,0.000482616340981727,0.177056689112925,0.624696973712064,stex,Speaking,z_geographic_dist,single_distance,gaussian_pair_weighted,536,5233.79294986899,5974.94815973424,0.00402894265544343
z_genetic_dist,0.745938542621787,0.380575273117655,1.96002892282279,0.0507570750005982,-0.00247058725404292,1.49434767249762,stex,Speaking,z_genetic_dist,single_distance,gaussian_pair_weighted,536,5231.86221393253,5973.01742379777,0.0974535840011485
AaA,-0.904638792011932,0.28549758225524,-3.16863906470202,0.00166149766629349,-1.46607568034924,-0.343201903674625,stex,Speaking,z_genetic_dist,single_distance,gaussian_pair_weighted,536,5231.86221393253,5973.01742379777,0.00402894265544343
LoR,0.303827581468625,0.510923286134653,0.594663797313305,0.552438694327974,-0.70091360646221,1.30856876939946,stex,Speaking,z_genetic_dist,single_distance,gaussian_pair_weighted,536,5231.86221393253,5973.01742379777,0.679924546865198
Edu.day,3.3078830182868,2.56425813806159,1.2899961081092,0.197873196406278,-1.73478353795684,8.35054957453044,stex,Speaking,z_genetic_dist,single_distance,gaussian_pair_weighted,536,5231.86221393253,5973.01742379777,0.27935039492651
prop_female,16.0930801102804,4.93877543092652,3.25851627298254,0.00122567750365768,6.38087628623129,25.8052839343296,stex,Speaking,z_genetic_dist,single_distance,gaussian_pair_weighted,536,5231.86221393253,5973.01742379777,0.00402894265544343
Enroll,0.435039100844168,0.120729366384846,3.60342403734154,0.00035785727748763,0.197622309925622,0.672455891762714,stex,Speaking,z_genetic_dist,single_distance,gaussian_pair_weighted,536,5231.86221393253,5973.01742379777,0.00402894265544343
z_syntactic_dist,0.345697780168805,0.487712246673287,0.708815049297674,0.478894213353391,-0.613398419572207,1.30479397990982,stex,Speaking,z_syntactic_dist,single_distance,gaussian_pair_weighted,536,5233.98780869086,5975.14301855611,0.621268168674669
AaA,-0.900673157546529,0.287117558539981,-3.13694906757543,0.00184659871707824,-1.46529576268501,-0.336050552408046,stex,Speaking,z_syntactic_dist,single_distance,gaussian_pair_weighted,536,5233.98780869086,5975.14301855611,0.00402894265544343
LoR,0.232688683084583,0.514441038152486,0.452313609972172,0.651313249299029,-0.778970236797723,1.24434760296689,stex,Speaking,z_syntactic_dist,single_distance,gaussian_pair_weighted,536,5233.98780869086,5975.14301855611,0.705838937987119
Edu.day,3.80133750435933,2.56191271485379,1.48378884351502,0.138732689184676,-1.23671672873529,8.83939173745396,stex,Speaking,z_syntactic_dist,single_distance,gaussian_pair_weighted,536,5233.98780869086,5975.14301855611,0.216732555270051
prop_female,16.1314464014334,5.01539759345697,3.21638436451744,0.00141476411169846,6.26856351324312,25.9943292896236,stex,Speaking,z_syntactic_dist,single_distance,gaussian_pair_weighted,536,5233.98780869086,5975.14301855611,0.00402894265544343
Enroll,0.397042216128318,0.113908862069867,3.48561304988535,0.00055112795901131,0.173038087724265,0.62104634453237,stex,Speaking,z_syntactic_dist,single_distance,gaussian_pair_weighted,536,5233.98780869086,5975.14301855611,0.00402894265544343
z_morphological_dist,0.577108029609544,0.521891300133373,1.10580120699858,0.269544902783933,-0.449201984235818,1.60341804345491,stex,Speaking,z_morphological_dist,single_distance,gaussian_pair_weighted,536,5234.62926129127,5975.78447115652,0.369661580960822
AaA,-0.931553414109623,0.288011832830122,-3.23442757526938,0.00133070173657411,-1.497934628098,-0.365172200121249,stex,Speaking,z_morphological_dist,single_distance,gaussian_pair_weighted,536,5234.62926129127,5975.78447115652,0.00402894265544343
LoR,0.255975839499519,0.505707620256617,0.50617358577596,0.613042061580066,-0.738508633827849,1.25046031282689,stex,Speaking,z_morphological_dist,single_distance,gaussian_pair_weighted,536,5234.62926129127,5975.78447115652,0.705838937987119
Edu.day,3.72370629681863,2.54624418032059,1.46243095049501,0.144488370180034,-1.283535439709,8.73094803334625,stex,Speaking,z_morphological_dist,single_distance,gaussian_pair_weighted,536,5234.62926129127,5975.78447115652,0.216732555270051
prop_female,16.0153281062082,5.04088203643155,3.17708845207286,0.00161512462894865,6.102329534895,25.9283266775213,stex,Speaking,z_morphological_dist,single_distance,gaussian_pair_weighted,536,5234.62926129127,5975.78447115652,0.00402894265544343
Enroll,0.406272110634239,0.113481938987085,3.58005964879111,0.000390218154318984,0.183107535284411,0.629436685984068,stex,Speaking,z_morphological_dist,single_distance,gaussian_pair_weighted,536,5234.62926129127,5975.78447115652,0.00402894265544343
z_phonological_dist,-0.0953916637784586,0.550948267811944,-0.173140872476649,0.862637200864797,-1.17884280431606,0.988059476759142,stex,Speaking,z_phonological_dist,single_distance,gaussian_pair_weighted,536,5234.16273213318,5975.31794199843,0.862637200864797
AaA,-0.881380561415578,0.289175482836698,-3.0479090162471,0.00247326071666224,-1.45005011716028,-0.312711005670876,stex,Speaking,z_phonological_dist,single_distance,gaussian_pair_weighted,536,5234.16273213318,5975.31794199843,0.00494652143332447
LoR,0.215422367644489,0.515760946900734,0.417678711307993,0.676428982237655,-0.798832180034913,1.22967691532389,stex,Speaking,z_phonological_dist,single_distance,gaussian_pair_weighted,536,5234.16273213318,5975.31794199843,0.705838937987119
Edu.day,3.89397064732897,2.54098662359254,1.53246404808835,0.126278990495013,-1.102931995374,8.89087329003194,stex,Speaking,z_phonological_dist,single_distance,gaussian_pair_weighted,536,5234.16273213318,5975.31794199843,0.216732555270051
prop_female,16.3566883062922,5.01609435227188,3.26084143510657,0.00121595775902856,6.49243522751089,26.2209413850735,stex,Speaking,z_phonological_dist,single_distance,gaussian_pair_weighted,536,5234.16273213318,5975.31794199843,0.00402894265544343
Enroll,0.392689317994406,0.112610984581648,3.48713155695472,0.000548109722069317,0.171237492459864,0.614141143528948,stex,Speaking,z_phonological_dist,single_distance,gaussian_pair_weighted,536,5234.16273213318,5975.31794199843,0.00402894265544343
z_inventory_dist,0.150225352518882,0.441189462158829,0.340500772125878,0.733676407781504,-0.71738283121773,1.01783353625549,stex,Speaking,z_inventory_dist,single_distance,gaussian_pair_weighted,536,5234.05627313262,5975.21148299787,0.749286544117281
AaA,-0.898538226694971,0.287917881923732,-3.12081424290621,0.00194798459505757,-1.46473468428673,-0.332341769103213,stex,Speaking,z_inventory_dist,single_distance,gaussian_pair_weighted,536,5234.05627313262,5975.21148299787,0.00406535915490275
LoR,0.21593591861504,0.512421345286353,0.421403051612478,0.673710208703663,-0.791751233558405,1.22362307078849,stex,Speaking,z_inventory_dist,single_distance,gaussian_pair_weighted,536,5234.05627313262,5975.21148299787,0.705838937987119
Edu.day,3.82816900204985,2.59463773252155,1.4754156058347,0.140967672626638,-1.2742396537514,8.93057765785109,stex,Speaking,z_inventory_dist,single_distance,gaussian_pair_weighted,536,5234.05627313262,5975.21148299787,0.216732555270051
prop_female,16.3117584933347,4.99674055200047,3.26447977908403,0.00120089194864868,6.48556506226057,26.1379519244088,stex,Speaking,z_inventory_dist,single_distance,gaussian_pair_weighted,536,5234.05627313262,5975.21148299787,0.00402894265544343
Enroll,0.391571960750876,0.114498669937502,3.419882178235,0.000697712206829527,0.166407963001147,0.616735958500604,stex,Speaking,z_inventory_dist,single_distance,gaussian_pair_weighted,536,5234.05627313262,5975.21148299787,0.00402894265544343
z_syntactic_dist,-0.228360629693828,1.54124796040865,-0.148166054755577,0.882294674319343,-3.25934104681022,2.80261978742256,stex,Speaking,mechanistic_block,mechanistic_block,gaussian_pair_weighted,536,5241.96366101379,5995.97127336225,0.882294674319343
z_morphological_dist,1.19710823547603,1.16709583403556,1.02571545589079,0.305714435663708,-1.09807379151071,3.49229026246278,stex,Speaking,mechanistic_block,mechanistic_block,gaussian_pair_weighted,536,5241.96366101379,5995.97127336225,0.550285984194674
z_phonological_dist,-0.520271256110497,0.706869114709841,-0.736022051726026,0.462196573517486,-1.91038271071502,0.86984019849403,stex,Speaking,mechanistic_block,mechanistic_block,gaussian_pair_weighted,536,5241.96366101379,5995.97127336225,0.693294860276229
z_inventory_dist,-0.157093411557664,1.01360494330627,-0.154984851440485,0.876920116943015,-2.15042401946264,1.83623719634731,stex,Speaking,mechanistic_block,mechanistic_block,gaussian_pair_weighted,536,5241.96366101379,5995.97127336225,0.882294674319343
AaA,-0.919404996044514,0.290989104350599,-3.15958564186227,0.00171367938140836,-1.49165702786362,-0.347152964225408,stex,Speaking,mechanistic_block,mechanistic_block,gaussian_pair_weighted,536,5241.96366101379,5995.97127336225,0.00641422196481195
LoR,0.304774582004502,0.513502466584349,0.593521164624122,0.553205138755421,-0.705066767563581,1.31461593157258,stex,Speaking,mechanistic_block,mechanistic_block,gaussian_pair_weighted,536,5241.96366101379,5995.97127336225,0.711263749828398
Edu.day,3.57278639795799,2.56356981993089,1.39367625963638,0.164275125840967,-1.46866710058285,8.61423989649882,stex,Speaking,mechanistic_block,mechanistic_block,gaussian_pair_weighted,536,5241.96366101379,5995.97127336225,0.369619033142176
prop_female,15.6768835249703,5.06894387259955,3.09273172459307,0.00213807398827065,5.70842289567752,25.645344154263,stex,Speaking,mechanistic_block,mechanistic_block,gaussian_pair_weighted,536,5241.96366101379,5995.97127336225,0.00641422196481195
Enroll,0.416795435479317,0.115952596795498,3.59453299881164,0.000370252860753839,0.188765904067797,0.644824966890838,stex,Speaking,mechanistic_block,mechanistic_block,gaussian_pair_weighted,536,5241.96366101379,5995.97127336225,0.00333227574678455
z_featural_dist,-11.3394539757811,8.00461139970547,-1.41661517462276,0.157469905504689,-27.0817229466854,4.40281499512322,stex,Speaking,all8_block,all8_block,gaussian_pair_weighted,536,5245.42921514421,6016.57336413696,0.341184795260159
z_script_dist,1.05484292016298,1.03938590815756,1.01487129263935,0.310856419158664,-0.989265371138443,3.09895121146441,stex,Speaking,all8_block,all8_block,gaussian_pair_weighted,536,5245.42921514421,6016.57336413696,0.414844905629932
z_geographic_dist,0.693237007868058,1.53059778553052,0.452919123770832,0.650882885312098,-2.31691311971696,3.70338713545307,stex,Speaking,all8_block,all8_block,gaussian_pair_weighted,536,5245.42921514421,6016.57336413696,0.650882885312098
z_genetic_dist,1.03029652974079,0.492870957765812,2.09039813262914,0.0372909628579939,0.0609918630105458,1.99960119647103,stex,Speaking,all8_block,all8_block,gaussian_pair_weighted,536,5245.42921514421,6016.57336413696,0.12119562928848
z_syntactic_dist,4.99365141824548,4.66071089316168,1.07143556695875,0.284699445884062,-4.17233563747521,14.1596384739662,stex,Speaking,all8_block,all8_block,gaussian_pair_weighted,536,5245.42921514421,6016.57336413696,0.414844905629932
z_morphological_dist,4.08076076953113,2.20404322430823,1.85148853911971,0.0649272157188352,-0.253820827001577,8.41534236606383,stex,Speaking,all8_block,all8_block,gaussian_pair_weighted,536,5245.42921514421,6016.57336413696,0.168810760868971
z_phonological_dist,0.499287155941246,0.741411392293164,0.673427952593183,0.5011120238805,-0.958809555162188,1.95738386704468,stex,Speaking,all8_block,all8_block,gaussian_pair_weighted,536,5245.42921514421,6016.57336413696,0.542871359203875
z_inventory_dist,2.62140333203722,2.62749517630626,0.997681501254893,0.319111465869179,-2.54596004386491,7.78876670793934,stex,Speaking,all8_block,all8_block,gaussian_pair_weighted,536,5245.42921514421,6016.57336413696,0.414844905629932
AaA,-0.961745293910547,0.298355175014827,-3.22349124282074,0.00138339663411777,-1.54850549742492,-0.374985090396176,stex,Speaking,all8_block,all8_block,gaussian_pair_weighted,536,5245.42921514421,6016.57336413696,0.0089920781217655
LoR,0.373447899390328,0.506118599083188,0.737866381648121,0.46108173743118,-0.621910241073302,1.36880603985396,stex,Speaking,all8_block,all8_block,gaussian_pair_weighted,536,5245.42921514421,6016.57336413696,0.542871359203875
Edu.day,2.90623506972368,2.58914229306107,1.12247020085085,0.262419029031656,-2.18570160852792,7.99817174797528,stex,Speaking,all8_block,all8_block,gaussian_pair_weighted,536,5245.42921514421,6016.57336413696,0.414844905629932
prop_female,15.5088768642737,5.10295914995835,3.03919283077159,0.00254754486702687,5.47314227644136,25.5446114521061,stex,Speaking,all8_block,all8_block,gaussian_pair_weighted,536,5245.42921514421,6016.57336413696,0.0110393610904498
Enroll,0.520812671558128,0.126334894788146,4.12247679021295,4.66791994396636e-05,0.272356151327918,0.769269191788338,stex,Speaking,all8_block,all8_block,gaussian_pair_weighted,536,5245.42921514421,6016.57336413696,0.000606829592715626
z_featural_dist,-6.2729935975265,3.51584298916519,-1.78420754762316,0.0752273990586249,-13.1870352944108,0.641048099357851,stex,Speaking,z_featural_dist_x_AaA,interaction_AaA,gaussian_pair_weighted,536,5231.06178660088,5976.5011306272,0.140424478242766
AaA,-0.783373352426676,0.299476835970486,-2.61580616039325,0.00927424951132574,-1.37230617381031,-0.194440531043039,stex,Speaking,z_featural_dist_x_AaA,interaction_AaA,gaussian_pair_weighted,536,5231.06178660088,5976.5011306272,0.0225807814188801
LoR,0.23800183336106,0.516144980691075,0.46111430366405,0.644993521190153,-0.777017304050139,1.25302097077226,stex,Speaking,z_featural_dist_x_AaA,interaction_AaA,gaussian_pair_weighted,536,5231.06178660088,5976.5011306272,0.691037643465678
Edu.day,3.72176330981478,2.56722959446123,1.44971969700117,0.148002486149309,-1.32679332831742,8.77031994794698,stex,Speaking,z_featural_dist_x_AaA,interaction_AaA,gaussian_pair_weighted,536,5231.06178660088,5976.5011306272,0.236803977838894
prop_female,15.1997520907672,5.14411653108408,2.95478378044519,0.0033336159153985,5.08364727631632,25.3158569052181,stex,Speaking,z_featural_dist_x_AaA,interaction_AaA,gaussian_pair_weighted,536,5231.06178660088,5976.5011306272,0.009825394276964
Enroll,0.410083548928207,0.116769071241072,3.51191924856182,0.00050113670720049,0.180452638231899,0.639714459624514,stex,Speaking,z_featural_dist_x_AaA,interaction_AaA,gaussian_pair_weighted,536,5231.06178660088,5976.5011306272,0.00467727593387124
z_featural_dist:AaA,0.252660168431456,0.134201446931961,1.8826933256506,0.060543664615223,-0.0112521856552393,0.516572522518152,stex,Speaking,z_featural_dist_x_AaA,interaction_AaA,gaussian_pair_weighted,536,5231.06178660088,5976.5011306272,0.121087329230446
z_script_dist,0.0937265502444524,5.96187181684846,0.015720993862964,0.987465639118037,-11.6305257727973,11.8179788732862,stex,Speaking,z_script_dist_x_AaA,interaction_AaA,gaussian_pair_weighted,536,5233.91181455761,5979.35115858393,0.987465639118037
AaA,-0.917455204893181,0.314335181271672,-2.9187162607174,0.00373447424370328,-1.53560753900127,-0.299302870785087,stex,Speaking,z_script_dist_x_AaA,interaction_AaA,gaussian_pair_weighted,536,5233.91181455761,5979.35115858393,0.0104565278823692
LoR,0.22922864865327,0.511032776825806,0.448559581788638,0.654017769708588,-0.775737141439413,1.23419443874595,stex,Speaking,z_script_dist_x_AaA,interaction_AaA,gaussian_pair_weighted,536,5233.91181455761,5979.35115858393,0.691037643465678
Edu.day,3.63653968508087,2.57573970712063,1.41184284849422,0.158855220347133,-1.42875241989487,8.70183179005661,stex,Speaking,z_script_dist_x_AaA,interaction_AaA,gaussian_pair_weighted,536,5233.91181455761,5979.35115858393,0.247108120539985
prop_female,15.6898672822863,5.00606641176965,3.13417082230434,0.00186409794909818,5.84524338553881,25.5344911790337,stex,Speaking,z_script_dist_x_AaA,interaction_AaA,gaussian_pair_weighted,536,5233.91181455761,5979.35115858393,0.00718372666397483
Enroll,0.412342885356604,0.115864311593096,3.5588429231316,0.000422106857708094,0.184491219624035,0.640194551089174,stex,Speaking,z_script_dist_x_AaA,interaction_AaA,gaussian_pair_weighted,536,5233.91181455761,5979.35115858393,0.00467727593387124
z_script_dist:AaA,0.0374509484431759,0.210982490836368,0.177507376534965,0.85920915232555,-0.377454308546566,0.452356205432918,stex,Speaking,z_script_dist_x_AaA,interaction_AaA,gaussian_pair_weighted,536,5233.91181455761,5979.35115858393,0.874831136913287
z_geographic_dist,-6.01872326306733,7.79798683633147,-0.771830395381741,0.440718440262279,-21.3537670361549,9.3163205100202,stex,Speaking,z_geographic_dist_x_AaA,interaction_AaA,gaussian_pair_weighted,536,5233.06678751925,5978.50613154557,0.558281757467127
AaA,-0.954982387142723,0.287793683915773,-3.31828820615192,0.000997629722603807,-1.52093983655831,-0.389024937727135,stex,Speaking,z_geographic_dist_x_AaA,interaction_AaA,gaussian_pair_weighted,536,5233.06678751925,5978.50613154557,0.0062074738295348
LoR,0.25114359054642,0.527022282796951,0.476533153804389,0.633982098939485,-0.78526618363138,1.28755336472422,stex,Speaking,z_geographic_dist_x_AaA,interaction_AaA,gaussian_pair_weighted,536,5233.06678751925,5978.50613154557,0.691037643465678
Edu.day,3.58663560777578,2.57158888478537,1.39471578408037,0.163956794921553,-1.47049374397383,8.64376495952539,stex,Speaking,z_geographic_dist_x_AaA,interaction_AaA,gaussian_pair_weighted,536,5233.06678751925,5978.50613154557,0.248150824746135
prop_female,16.1023485302851,4.99198380025922,3.2256411828598,0.00137136482525568,6.28541863565441,25.9192784249158,stex,Speaking,z_geographic_dist_x_AaA,interaction_AaA,gaussian_pair_weighted,536,5233.06678751925,5978.50613154557,0.00718372666397483
Enroll,0.407537466492797,0.115449019147438,3.53002103874384,0.000469136042559558,0.180502489473156,0.634572443512439,stex,Speaking,z_geographic_dist_x_AaA,interaction_AaA,gaussian_pair_weighted,536,5233.06678751925,5978.50613154557,0.00467727593387124
z_geographic_dist:AaA,0.259281495443577,0.283902995357498,0.91327495547232,0.361705794519333,-0.299024763914775,0.817587754801929,stex,Speaking,z_geographic_dist_x_AaA,interaction_AaA,gaussian_pair_weighted,536,5233.06678751925,5978.50613154557,0.471058709141457
z_genetic_dist,-3.95912163868735,4.11176553752591,-0.962876312512115,0.336252340531391,-12.0450681561729,4.12682487879821,stex,Speaking,z_genetic_dist_x_AaA,interaction_AaA,gaussian_pair_weighted,536,5231.20053952715,5976.63988355347,0.448336454041855
AaA,-0.90830852260712,0.287714736287168,-3.15697601842867,0.00172790774488357,-1.4741107184469,-0.342506326767338,stex,Speaking,z_genetic_dist_x_AaA,interaction_AaA,gaussian_pair_weighted,536,5231.20053952715,5976.63988355347,0.00718372666397483
LoR,0.330888857349756,0.5186738468542,0.637951690366933,0.523908457106272,-0.68910339352287,1.35088110822238,stex,Speaking,z_genetic_dist_x_AaA,interaction_AaA,gaussian_pair_weighted,536,5231.20053952715,5976.63988355347,0.624231353147899
Edu.day,3.30062655555286,2.56701003790458,1.28578638447675,0.199339491970209,-1.74749831608914,8.34875142719487,stex,Speaking,z_genetic_dist_x_AaA,interaction_AaA,gaussian_pair_weighted,536,5231.20053952715,5976.63988355347,0.293763461850834
prop_female,15.6101293397689,5.03894619550985,3.09789561827013,0.0021012653408,5.70084607214944,25.5194126073884,stex,Speaking,z_genetic_dist_x_AaA,interaction_AaA,gaussian_pair_weighted,536,5231.20053952715,5976.63988355347,0.00718372666397483
Enroll,0.463048158470761,0.129979564033336,3.5624689305159,0.00041651368845194,0.207438300966084,0.718658015975439,stex,Speaking,z_genetic_dist_x_AaA,interaction_AaA,gaussian_pair_weighted,536,5231.20053952715,5976.63988355347,0.00467727593387124
z_genetic_dist:AaA,0.177343990503273,0.154646693433526,1.14676871885078,0.252234622582645,-0.126774734360083,0.48146271536663,stex,Speaking,z_genetic_dist_x_AaA,interaction_AaA,gaussian_pair_weighted,536,5231.20053952715,5976.63988355347,0.362183047810978
z_syntactic_dist,-6.67472734933593,3.62730305741737,-1.84013501041413,0.0665668833782152,-13.8079595964832,0.458504897811341,stex,Speaking,z_syntactic_dist_x_AaA,interaction_AaA,gaussian_pair_weighted,536,5229.58811267714,5975.02745670345,0.128542947213105
AaA,-0.764310763456587,0.301003979611776,-2.53920484520626,0.0115282965089459,-1.3562467720831,-0.172374754830076,stex,Speaking,z_syntactic_dist_x_AaA,interaction_AaA,gaussian_pair_weighted,536,5229.58811267714,5975.02745670345,0.0268993585208737
LoR,0.277649981270847,0.519262942576231,0.534700165379289,0.59318546486124,-0.743500749203437,1.29880071174513,stex,Speaking,z_syntactic_dist_x_AaA,interaction_AaA,gaussian_pair_weighted,536,5229.58811267714,5975.02745670345,0.691037643465678
Edu.day,3.72809326329535,2.55266157492137,1.46047298236555,0.145027468108589,-1.2918147989903,8.748001325581,stex,Speaking,z_syntactic_dist_x_AaA,interaction_AaA,gaussian_pair_weighted,536,5229.58811267714,5975.02745670345,0.236803977838894
prop_female,15.4439007217425,5.10548455335399,3.02496277490387,0.00266426093891158,5.40376719090186,25.4840342525832,stex,Speaking,z_syntactic_dist_x_AaA,interaction_AaA,gaussian_pair_weighted,536,5229.58811267714,5975.02745670345,0.00828881180994714
Enroll,0.424512370134453,0.118341972101712,3.58716660365938,0.000380226876007065,0.191788288847466,0.657236451421441,stex,Speaking,z_syntactic_dist_x_AaA,interaction_AaA,gaussian_pair_weighted,536,5229.58811267714,5975.02745670345,0.00467727593387124
z_syntactic_dist:AaA,0.271322849354833,0.139537401606951,1.94444533315229,0.0526160267628131,-0.00308286670202479,0.545728565411691,stex,Speaking,z_syntactic_dist_x_AaA,interaction_AaA,gaussian_pair_weighted,536,5229.58811267714,5975.02745670345,0.109129536989538
z_morphological_dist,-9.71859773326002,3.87137061842091,-2.51037647674873,0.0124956272137066,-17.3317983119954,-2.10539715452466,stex,Speaking,z_morphological_dist_x_AaA,interaction_AaA,gaussian_pair_weighted,536,5225.0096266399,5970.44897066622,0.0279902049587029
AaA,-0.631596290022482,0.316122013901556,-1.99795098806111,0.0464697337560508,-1.2532624998487,-0.0099300801962614,stex,Speaking,z_morphological_dist_x_AaA,interaction_AaA,gaussian_pair_weighted,536,5225.0096266399,5970.44897066622,0.100088657320725
LoR,0.243295937119631,0.520388904203811,0.467527142016741,0.640404089518625,-0.780069040596686,1.26666091483595,stex,Speaking,z_morphological_dist_x_AaA,interaction_AaA,gaussian_pair_weighted,536,5225.0096266399,5970.44897066622,0.691037643465678
Edu.day,3.66816686427699,2.52341670030599,1.4536508630668,0.146909500968337,-1.29423001701053,8.63056374556451,stex,Speaking,z_morphological_dist_x_AaA,interaction_AaA,gaussian_pair_weighted,536,5225.0096266399,5970.44897066622,0.236803977838894
prop_female,14.4921542590584,5.11177829397726,2.83505140982604,0.00483903380580947,4.43964384300619,24.5446646751106,stex,Speaking,z_morphological_dist_x_AaA,interaction_AaA,gaussian_pair_weighted,536,5225.0096266399,5970.44897066622,0.0129040901488252
Enroll,0.429775992763603,0.118921939600834,3.61393359548424,0.000344260913286611,0.195911382879598,0.663640602647608,stex,Speaking,z_morphological_dist_x_AaA,interaction_AaA,gaussian_pair_weighted,536,5225.0096266399,5970.44897066622,0.00467727593387124
z_morphological_dist:AaA,0.394128149130479,0.144535676755924,2.72685718831924,0.00670526831164536,0.109893130997561,0.678363167263397,stex,Speaking,z_morphological_dist_x_AaA,interaction_AaA,gaussian_pair_weighted,536,5225.0096266399,5970.44897066622,0.01706795570237
z_phonological_dist,-4.58377797405211,4.36074383853084,-1.05114589248526,0.293892770645733,-13.1593499839366,3.99179403583242,stex,Speaking,z_phonological_dist_x_AaA,interaction_AaA,gaussian_pair_weighted,536,5236.52894342788,5981.9682874542,0.401414516003927
AaA,-0.90346331286229,0.288227768127911,-3.13454639964234,0.00186177702795339,-1.47027440572895,-0.336652219995634,stex,Speaking,z_phonological_dist_x_AaA,interaction_AaA,gaussian_pair_weighted,536,5236.52894342788,5981.9682874542,0.00718372666397483
LoR,0.235950510379496,0.520081393013125,0.453679969230397,0.650331038060799,-0.786809734645056,1.25871075540405,stex,Speaking,z_phonological_dist_x_AaA,interaction_AaA,gaussian_pair_weighted,536,5236.52894342788,5981.9682874542,0.691037643465678
Edu.day,3.9034417097698,2.55378384873243,1.528493381187,0.127263378153373,-1.11867334752357,8.92555676706316,stex,Speaking,z_phonological_dist_x_AaA,interaction_AaA,gaussian_pair_weighted,536,5236.52894342788,5981.9682874542,0.229895134728675
prop_female,16.0867242200682,5.09559238940453,3.15698803803813,0.00172783845278989,6.06604401357388,26.1074044265625,stex,Speaking,z_phonological_dist_x_AaA,interaction_AaA,gaussian_pair_weighted,536,5236.52894342788,5981.9682874542,0.00718372666397483
Enroll,0.380224005748655,0.11333257261527,3.35494021687306,0.000877866282474784,0.157351102979125,0.603096908518185,stex,Speaking,z_phonological_dist_x_AaA,interaction_AaA,gaussian_pair_weighted,536,5236.52894342788,5981.9682874542,0.00614506397732349
z_phonological_dist:AaA,0.168306159044992,0.15922845124652,1.05701058904616,0.291211617430719,-0.144822770387138,0.481435088477122,stex,Speaking,z_phonological_dist_x_AaA,interaction_AaA,gaussian_pair_weighted,536,5236.52894342788,5981.9682874542,0.401414516003927
z_inventory_dist,-2.423192926671,3.44628978789524,-0.703130925084196,0.482426108813489,-9.20045555372367,4.35406970038168,stex,Speaking,z_inventory_dist_x_AaA,interaction_AaA,gaussian_pair_weighted,536,5235.69906873339,5981.13841275971,0.5873013498599
AaA,-0.893448638616189,0.2884001041338,-3.09794839117563,0.00210090098395638,-1.46059863692722,-0.32629864030516,stex,Speaking,z_inventory_dist_x_AaA,interaction_AaA,gaussian_pair_weighted,536,5235.69906873339,5981.13841275971,0.00718372666397483
LoR,0.202471277573919,0.515049288786053,0.393110488611943,0.694469279033783,-0.8103931391795,1.21533569432734,stex,Speaking,z_inventory_dist_x_AaA,interaction_AaA,gaussian_pair_weighted,536,5235.69906873339,5981.13841275971,0.720190363442441
Edu.day,3.80869739749391,2.59842385995062,1.46577217681733,0.14357840865569,-1.3012039744509,8.91859876943872,stex,Speaking,z_inventory_dist_x_AaA,interaction_AaA,gaussian_pair_weighted,536,5235.69906873339,5981.13841275971,0.236803977838894
prop_female,15.8519568119457,5.13577323976346,3.08657646510028,0.0021807741658495,5.75225940370087,25.9516542201905,stex,Speaking,z_inventory_dist_x_AaA,interaction_AaA,gaussian_pair_weighted,536,5235.69906873339,5981.13841275971,0.00718372666397483
Enroll,0.390438675014691,0.115015450792516,3.39466282420638,0.000763265221693391,0.16425632699288,0.616621023036502,stex,Speaking,z_inventory_dist_x_AaA,interaction_AaA,gaussian_pair_weighted,536,5235.69906873339,5981.13841275971,0.00610612177354713
z_inventory_dist:AaA,0.097339164689507,0.128323777490684,0.758543479571227,0.448619269393227,-0.155014524313813,0.349692853692827,stex,Speaking,z_inventory_dist_x_AaA,interaction_AaA,gaussian_pair_weighted,536,5235.69906873339,5981.13841275971,0.558281757467127
z_featural_dist,1.00134706647309,1.02159409735849,0.980180943744932,0.327651414861157,-1.00765737661344,3.01035150955963,stex,Speaking,z_featural_dist_x_LoR,interaction_LoR,gaussian_pair_weighted,536,5236.74228674393,5982.18163077025,0.495904844114183
LoR,0.162990598374118,0.5314600138513,0.306684593621605,0.759259783873418,-0.882146146161539,1.20812734290978,stex,Speaking,z_featural_dist_x_LoR,interaction_LoR,gaussian_pair_weighted,536,5236.74228674393,5982.18163077025,0.817664382632912
AaA,-0.927469066090921,0.288720395600881,-3.21234343060761,0.00143458554352416,-1.49524893000328,-0.359689202178561,stex,Speaking,z_featural_dist_x_LoR,interaction_LoR,gaussian_pair_weighted,536,5236.74228674393,5982.18163077025,0.00498552457353596
Edu.day,3.84927466880404,2.57375629941027,1.49558630305675,0.135632746292493,-1.21211698792825,8.91066632553633,stex,Speaking,z_featural_dist_x_LoR,interaction_LoR,gaussian_pair_weighted,536,5236.74228674393,5982.18163077025,0.243580320113191
prop_female,15.8518079123511,5.08944040290751,3.1146465342821,0.0019884912190825,5.84322582607724,25.860389998625,stex,Speaking,z_featural_dist_x_LoR,interaction_LoR,gaussian_pair_weighted,536,5236.74228674393,5982.18163077025,0.00506161401221
Enroll,0.393728876955901,0.114388554645463,3.44203035151749,0.000644868674980955,0.168779344538683,0.61867840937312,stex,Speaking,z_featural_dist_x_LoR,interaction_LoR,gaussian_pair_weighted,536,5236.74228674393,5982.18163077025,0.00498552457353596
z_featural_dist:LoR,-0.147018621937848,0.176957016208438,-0.830815443704557,0.406625518616416,-0.495011462457693,0.200974218581998,stex,Speaking,z_featural_dist_x_LoR,interaction_LoR,gaussian_pair_weighted,536,5236.74228674393,5982.18163077025,0.599237606382087
z_script_dist,0.820917779450761,1.32066502637107,0.6215942446106,0.53459995221975,-1.77622125323242,3.41805681213394,stex,Speaking,z_script_dist_x_LoR,interaction_LoR,gaussian_pair_weighted,536,5233.0619629341,5978.50130696042,0.696223193588511
LoR,0.246221997285332,0.508426934686512,0.484281969516718,0.628478630480475,-0.753619303101157,1.24606329767182,stex,Speaking,z_script_dist_x_LoR,interaction_LoR,gaussian_pair_weighted,536,5233.0619629341,5978.50130696042,0.765104419715361
AaA,-0.930744121263953,0.290060581903336,-3.20879216043954,0.00145191980943208,-1.50115951355608,-0.360328728971822,stex,Speaking,z_script_dist_x_LoR,interaction_LoR,gaussian_pair_weighted,536,5233.0619629341,5978.50130696042,0.00498552457353596
Edu.day,3.58729698548084,2.58652212201773,1.38691912005856,0.166319813946538,-1.49919915688264,8.67379312784431,stex,Speaking,z_script_dist_x_LoR,interaction_LoR,gaussian_pair_weighted,536,5233.0619629341,5978.50130696042,0.264718697992909
prop_female,15.8480952088765,4.98446759557743,3.17949608558757,0.0016024900414937,6.04594622247537,25.6502441952777,stex,Speaking,z_script_dist_x_LoR,interaction_LoR,gaussian_pair_weighted,536,5233.0619629341,5978.50130696042,0.00498552457353596
Enroll,0.407524277996637,0.113950755577573,3.57631922606438,0.000395782804771697,0.183435694438505,0.631612861554769,stex,Speaking,z_script_dist_x_LoR,interaction_LoR,gaussian_pair_weighted,536,5233.0619629341,5978.50130696042,0.00482976600077437
z_script_dist:LoR,0.086136493713753,0.300497882024538,0.286645926198971,0.774547432106899,-0.504804254364538,0.677077241792044,stex,Speaking,z_script_dist_x_LoR,interaction_LoR,gaussian_pair_weighted,536,5233.0619629341,5978.50130696042,0.818389739584648
z_geographic_dist,0.974390561579881,1.94297575745211,0.501493936732197,0.616328381706295,-2.84654667721562,4.79532780037538,stex,Speaking,z_geographic_dist_x_LoR,interaction_LoR,gaussian_pair_weighted,536,5235.82885039111,5981.26819441743,0.765104419715361
LoR,0.222745588863629,0.456066043399295,0.488406431672465,0.625557707046309,-0.674125986548933,1.11961716427619,stex,Speaking,z_geographic_dist_x_LoR,interaction_LoR,gaussian_pair_weighted,536,5235.82885039111,5981.26819441743,0.765104419715361
AaA,-0.925290859851844,0.295548961091812,-3.13075321406528,0.00188534040666855,-1.50649936283589,-0.344082356867803,stex,Speaking,z_geographic_dist_x_LoR,interaction_LoR,gaussian_pair_weighted,536,5235.82885039111,5981.26819441743,0.00506161401221
Edu.day,3.78522198098251,2.55176744985682,1.48337262519549,0.138845530507899,-1.23292774966048,8.80337171162549,stex,Speaking,z_geographic_dist_x_LoR,interaction_LoR,gaussian_pair_weighted,536,5235.82885039111,5981.26819441743,0.243580320113191
prop_female,16.0455291972006,5.01502991207952,3.19948823406861,0.0014982570014913,6.18327822919783,25.9077801652033,stex,Speaking,z_geographic_dist_x_LoR,interaction_LoR,gaussian_pair_weighted,536,5235.82885039111,5981.26819441743,0.00498552457353596
Enroll,0.400896182773789,0.113890967970064,3.51999978505023,0.000486607217484054,0.17692517386633,0.624867191681248,stex,Speaking,z_geographic_dist_x_LoR,interaction_LoR,gaussian_pair_weighted,536,5235.82885039111,5981.26819441743,0.00482976600077437
z_geographic_dist:LoR,-0.00242170894941053,0.423148402520404,-0.00572307241380583,0.995436826324232,-0.834559465957369,0.829716048058548,stex,Speaking,z_geographic_dist_x_LoR,interaction_LoR,gaussian_pair_weighted,536,5235.82885039111,5981.26819441743,0.995436826324232
z_genetic_dist,2.6720908680383,0.992762494324553,2.69157112936294,0.00744171204593349,0.719784891344882,4.62439684473173,stex,Speaking,z_genetic_dist_x_LoR,interaction_LoR,gaussian_pair_weighted,536,5232.32591838534,5977.76526241166,0.016669434982891
LoR,0.366944771777436,0.527224196325224,0.69599379985793,0.486879309252565,-0.669862073190483,1.40375161674535,stex,Speaking,z_genetic_dist_x_LoR,interaction_LoR,gaussian_pair_weighted,536,5232.32591838534,5977.76526241166,0.665005885808382
AaA,-0.933650218085849,0.283670223516423,-3.29132260168927,0.00109525612987302,-1.49149872258427,-0.37580171358743,stex,Speaking,z_genetic_dist_x_LoR,interaction_LoR,gaussian_pair_weighted,536,5232.32591838534,5977.76526241166,0.00498552457353596
Edu.day,3.53470274233776,2.57186659631764,1.37437250726717,0.170176305852584,-1.52297273991875,8.59237822459427,stex,Speaking,z_genetic_dist_x_LoR,interaction_LoR,gaussian_pair_weighted,536,5232.32591838534,5977.76526241166,0.264718697992909
prop_female,15.8012105700743,4.90171972647023,3.22360547967374,0.0013808727824047,6.16178847992492,25.4406326602237,stex,Speaking,z_genetic_dist_x_LoR,interaction_LoR,gaussian_pair_weighted,536,5232.32591838534,5977.76526241166,0.00498552457353596
Enroll,0.464271612784329,0.119781673820941,3.87598200938782,0.000126072118719884,0.228716302188041,0.699826923380617,stex,Speaking,z_genetic_dist_x_LoR,interaction_LoR,gaussian_pair_weighted,536,5232.32591838534,5977.76526241166,0.00482976600077437
z_genetic_dist:LoR,-0.425950164169696,0.206469786067102,-2.06301450824026,0.0398239416855533,-0.831981012081279,-0.0199193162581126,stex,Speaking,z_genetic_dist_x_LoR,interaction_LoR,gaussian_pair_weighted,536,5232.32591838534,5977.76526241166,0.0857746436304226
z_syntactic_dist,1.73213408387992,1.14378409704391,1.51438902530345,0.130799811320875,-0.517161736088581,3.98142990384842,stex,Speaking,z_syntactic_dist_x_LoR,interaction_LoR,gaussian_pair_weighted,536,5235.95973199217,5981.39907601849,0.243580320113191
LoR,0.12818915799656,0.525735000124359,0.24382846484681,0.807501798115115,-0.905689124842917,1.16206744083604,stex,Speaking,z_syntactic_dist_x_LoR,interaction_LoR,gaussian_pair_weighted,536,5235.95973199217,5981.39907601849,0.837409272119379
AaA,-0.937331605238138,0.286484691147852,-3.27183837112744,0.00117123969843797,-1.50071486957032,-0.37394834090596,stex,Speaking,z_syntactic_dist_x_LoR,interaction_LoR,gaussian_pair_weighted,536,5235.95973199217,5981.39907601849,0.00498552457353596
Edu.day,3.95591719802071,2.5648489493115,1.54235874166493,0.123860124012116,-1.08795780902572,8.99979220506715,stex,Speaking,z_syntactic_dist_x_LoR,interaction_LoR,gaussian_pair_weighted,536,5235.95973199217,5981.39907601849,0.243580320113191
prop_female,15.6050138838407,5.05856018398246,3.08487263495506,0.00219297933016532,5.65715894662175,25.5528688210597,stex,Speaking,z_syntactic_dist_x_LoR,interaction_LoR,gaussian_pair_weighted,536,5235.95973199217,5981.39907601849,0.00533942793431555
Enroll,0.39852999183037,0.113497233645613,3.5113630440963,0.000502151604798431,0.175333276753761,0.621726706906979,stex,Speaking,z_syntactic_dist_x_LoR,interaction_LoR,gaussian_pair_weighted,536,5235.95973199217,5981.39907601849,0.00482976600077437
z_syntactic_dist:LoR,-0.279960743134523,0.200403975500415,-1.39698198319396,0.163274740871977,-0.674062939137382,0.114141452868336,stex,Speaking,z_syntactic_dist_x_LoR,interaction_LoR,gaussian_pair_weighted,536,5235.95973199217,5981.39907601849,0.264718697992909
z_morphological_dist,0.789781767380289,1.13368675820582,0.696649018490969,0.486469558846427,-1.43965724386003,3.01922077862061,stex,Speaking,z_morphological_dist_x_LoR,interaction_LoR,gaussian_pair_weighted,536,5237.48059084064,5982.91993486696,0.665005885808382
LoR,0.230582102992111,0.549748375299342,0.419432077205425,0.675149177464998,-0.850519414148333,1.31168362013255,stex,Speaking,z_morphological_dist_x_LoR,interaction_LoR,gaussian_pair_weighted,536,5237.48059084064,5982.91993486696,0.771599059959998
AaA,-0.935831538959897,0.288917185574137,-3.23909959561668,0.00131001575362419,-1.50399839799258,-0.367664679927217,stex,Speaking,z_morphological_dist_x_LoR,interaction_LoR,gaussian_pair_weighted,536,5237.48059084064,5982.91993486696,0.00498552457353596
Edu.day,3.73759148150134,2.54965746934437,1.46591906028163,0.143538402923845,-1.27640889057026,8.75159185357295,stex,Speaking,z_morphological_dist_x_LoR,interaction_LoR,gaussian_pair_weighted,536,5237.48059084064,5982.91993486696,0.243580320113191
prop_female,15.9365490914728,5.10241251564707,3.12333607731672,0.00193221253044168,5.90245684201634,25.9706413409293,stex,Speaking,z_morphological_dist_x_LoR,interaction_LoR,gaussian_pair_weighted,536,5237.48059084064,5982.91993486696,0.00506161401221
Enroll,0.4046362293616,0.113461664649008,3.56628144504434,0.000410707832562354,0.181509462097338,0.627762996625862,stex,Speaking,z_morphological_dist_x_LoR,interaction_LoR,gaussian_pair_weighted,536,5237.48059084064,5982.91993486696,0.00482976600077437
z_morphological_dist:LoR,-0.0455953010775889,0.208281992995098,-0.218911392300063,0.826842441175865,-0.455189924249376,0.363999322094198,stex,Speaking,z_morphological_dist_x_LoR,interaction_LoR,gaussian_pair_weighted,536,5237.48059084064,5982.91993486696,0.841875940106336
z_phonological_dist,-0.738683762341472,1.09134513311839,-0.676856239080641,0.498929447154716,-2.88485632446262,1.40748879977967,stex,Speaking,z_phonological_dist_x_LoR,interaction_LoR,gaussian_pair_weighted,536,5235.24890260567,5980.68824663199,0.665239262872955
LoR,0.213256917372769,0.505366909231916,0.421984331536246,0.67328694808916,-0.780566724189988,1.20708055893553,stex,Speaking,z_phonological_dist_x_LoR,interaction_LoR,gaussian_pair_weighted,536,5235.24890260567,5980.68824663199,0.771599059959998
AaA,-0.862654378377609,0.293725932600333,-2.93693638399782,0.00352677824950198,-1.44027782507685,-0.285030931678371,stex,Speaking,z_phonological_dist_x_LoR,interaction_LoR,gaussian_pair_weighted,536,5235.24890260567,5980.68824663199,0.00822914924883795
Edu.day,3.94691265764492,2.54080193849565,1.55341217189947,0.121198490828015,-1.0496729693073,8.94349828459713,stex,Speaking,z_phonological_dist_x_LoR,interaction_LoR,gaussian_pair_weighted,536,5235.24890260567,5980.68824663199,0.243580320113191
prop_female,16.6157457468457,5.04478380678549,3.29364872375634,0.0010864972647152,6.69498259008031,26.5365089036111,stex,Speaking,z_phonological_dist_x_LoR,interaction_LoR,gaussian_pair_weighted,536,5235.24890260567,5980.68824663199,0.00498552457353596
Enroll,0.391174056324296,0.111665408537949,3.5030907193731,0.000517474928654397,0.171579696419639,0.610768416228954,stex,Speaking,z_phonological_dist_x_LoR,interaction_LoR,gaussian_pair_weighted,536,5235.24890260567,5980.68824663199,0.00482976600077437
z_phonological_dist:LoR,0.156068627866721,0.218288512075679,0.71496491676398,0.475091550521259,-0.27320420345515,0.585341459188592,stex,Speaking,z_phonological_dist_x_LoR,interaction_LoR,gaussian_pair_weighted,536,5235.24890260567,5980.68824663199,0.665005885808382
z_inventory_dist,0.420979242610524,0.953632492047844,0.441448090455169,0.659152194109014,-1.45437606587215,2.2963345510932,stex,Speaking,z_inventory_dist_x_LoR,interaction_LoR,gaussian_pair_weighted,536,5235.9539986042,5981.39334263052,0.771599059959998
LoR,0.200933872544883,0.512523086817376,0.392048431988938,0.695253134599046,-0.806962669988895,1.20883041507866,stex,Speaking,z_inventory_dist_x_LoR,interaction_LoR,gaussian_pair_weighted,536,5235.9539986042,5981.39334263052,0.778683510750932
AaA,-0.904362319222681,0.289070574354564,-3.12851739144303,0.00189935793863596,-1.47283082324548,-0.335893815199887,stex,Speaking,z_inventory_dist_x_LoR,interaction_LoR,gaussian_pair_weighted,536,5235.9539986042,5981.39334263052,0.00506161401221
Edu.day,3.81560596086102,2.59823080030443,1.46854003901961,0.142825985880844,-1.29391575179642,8.92512767351847,stex,Speaking,z_inventory_dist_x_LoR,interaction_LoR,gaussian_pair_weighted,536,5235.9539986042,5981.39334263052,0.243580320113191
prop_female,16.1540266229674,5.05796115070412,3.19378226555152,0.00152734784823514,6.20734970794022,26.1007035379945,stex,Speaking,z_inventory_dist_x_LoR,interaction_LoR,gaussian_pair_weighted,536,5235.9539986042,5981.39334263052,0.00498552457353596
Enroll,0.39145752652804,0.11536285916539,3.3932717111911,0.000767030965828814,0.164591986457181,0.618323066598898,stex,Speaking,z_inventory_dist_x_LoR,interaction_LoR,gaussian_pair_weighted,536,5235.9539986042,5981.39334263052,0.00498552457353596
z_inventory_dist:LoR,-0.0587091543136945,0.173013612845527,-0.339332572438172,0.734555978215725,-0.398947139066993,0.281528830439604,stex,Speaking,z_inventory_dist_x_LoR,interaction_LoR,gaussian_pair_weighted,536,5235.9539986042,5981.39334263052,0.806571270197659
