country,country_name,country_code,confounder,source,source_name,year,timing,region
SouthAfrica,South Africa,ZAF,hdi,HDI,South Africa,2010,exact_2010,Africa
Sudan,Sudan,SDN,hdi,HDI,Sudan,2010,exact_2010,Africa
Afghanistan,Afghanistan,AFG,hdi,HDI,Afghanistan,2010,exact_2010,Asia
"Congo,Republic","Congo, Republic",COG,hdi,HDI,Congo,2010,exact_2010,Africa
Morocco,Morocco,MAR,hdi,HDI,Morocco,2010,exact_2010,Africa
Burundi,Burundi,BDI,hdi,HDI,Burundi,2010,exact_2010,Africa
Kenya,Kenya,KEN,hdi,HDI,Kenya,2010,exact_2010,Africa
CzechRepublic,Czech Republic,CZE,hdi,HDI,Czechia,2010,exact_2010,Europe
"Korea,South","Korea, South",KOR,hdi,HDI,South Korea,2010,exact_2010,Asia
Cameroon,Cameroon,CMR,hdi,HDI,Cameroon,2010,exact_2010,Africa
Senegal,Senegal,SEN,hdi,HDI,Senegal,2010,exact_2010,Africa
Ghana,Ghana,GHA,hdi,HDI,Ghana,2010,exact_2010,Africa
Canada,Canada,CAN,hdi,HDI,Canada,2010,exact_2010,North America
Turkey,Turkey,TUR,hdi,HDI,Turkey,2010,exact_2010,Asia
Zimbabwe,Zimbabwe,ZWE,hdi,HDI,Zimbabwe,2010,exact_2010,Africa
Rwanda,Rwanda,RWA,hdi,HDI,Rwanda,2010,exact_2010,Africa
Netherlands,Netherlands,NLD,hdi,HDI,Netherlands,2010,exact_2010,Europe
Nigeria,Nigeria,NGA,hdi,HDI,Nigeria,2010,exact_2010,Africa
Albania,Albania,ALB,hdi,HDI,Albania,2010,exact_2010,Europe
France,France,FRA,hdi,HDI,France,2010,exact_2010,Europe
USSR,USSR,RUS,hdi,HDI,Russia,2010,exact_2010,Europe
Australia,Australia,AUS,hdi,HDI,Australia,2010,exact_2010,Oceania
UnitedKingdom,United Kingdom,GBR,hdi,HDI,United Kingdom,2010,exact_2010,Europe
Ethiopia,Ethiopia,ETH,hdi,HDI,Ethiopia,2010,exact_2010,Africa
Syria,Syria,SYR,hdi,HDI,Syria,2010,exact_2010,Asia
Egypt,Egypt,EGY,hdi,HDI,Egypt,2010,exact_2010,Africa
Eritrea,Eritrea,ERI,hdi,HDI,Eritrea,2010,exact_2010,Africa
Iran,Iran,IRN,hdi,HDI,Iran,2010,exact_2010,Asia
Algeria,Algeria,DZA,hdi,HDI,Algeria,2010,exact_2010,Africa
Lebanon,Lebanon,LBN,hdi,HDI,Lebanon,2010,exact_2010,Asia
Iraq,Iraq,IRQ,hdi,HDI,Iraq,2010,exact_2010,Asia
Libya,Libya,LBY,hdi,HDI,Libya,2010,exact_2010,Africa
UnitedStates,United States,USA,hdi,HDI,United States,2010,exact_2010,North America
Israel,Israel,ISR,hdi,HDI,Israel,2010,exact_2010,Asia
Kuwait,Kuwait,KWT,hdi,HDI,Kuwait,2010,exact_2010,Asia
Tunisia,Tunisia,TUN,hdi,HDI,Tunisia,2010,exact_2010,Africa
SaudiArabia,Saudi Arabia,SAU,hdi,HDI,Saudi Arabia,2010,exact_2010,Asia
Greece,Greece,GRC,hdi,HDI,Greece,2010,exact_2010,Europe
Belgium,Belgium,BEL,hdi,HDI,Belgium,2010,exact_2010,Europe
Germany,Germany,DEU,hdi,HDI,Germany,2010,exact_2010,Europe
Togo,Togo,TGO,hdi,HDI,Togo,2010,exact_2010,Africa
Spain,Spain,ESP,hdi,HDI,Spain,2010,exact_2010,Europe
India,India,IND,hdi,HDI,India,2010,exact_2010,Asia
Iceland,Iceland,ISL,hdi,HDI,Iceland,2010,exact_2010,Europe
Switzerland,Switzerland,CHE,hdi,HDI,Switzerland,2010,exact_2010,Europe
ElSalvador,El Salvador,SLV,hdi,HDI,El Salvador,2010,exact_2010,North America
Somalia,Somalia,SOM,hdi,HDI,Somalia,2022,earliest_available_after_2010,Africa
Tanzania,Tanzania,TZA,hdi,HDI,Tanzania,2010,exact_2010,Africa
Mozambique,Mozambique,MOZ,hdi,HDI,Mozambique,2010,exact_2010,Africa
China,China,CHN,hdi,HDI,China,2010,exact_2010,Asia
Sweden,Sweden,SWE,hdi,HDI,Sweden,2010,exact_2010,Europe
Azerbaijan,Azerbaijan,AZE,hdi,HDI,Azerbaijan,2010,exact_2010,Asia
Armenia,Armenia,ARM,hdi,HDI,Armenia,2010,exact_2010,Asia
Georgia,Georgia,GEO,hdi,HDI,Georgia,2010,exact_2010,Asia
Ukraine,Ukraine,UKR,hdi,HDI,Ukraine,2010,exact_2010,Europe
Argentina,Argentina,ARG,hdi,HDI,Argentina,2010,exact_2010,South America
Bangladesh,Bangladesh,BGD,hdi,HDI,Bangladesh,2010,exact_2010,Asia
Pakistan,Pakistan,PAK,hdi,HDI,Pakistan,2010,exact_2010,Asia
Indonesia,Indonesia,IDN,hdi,HDI,Indonesia,2010,exact_2010,Asia
BosniaandHerzegovina,Bosniaand Herzegovina,BIH,hdi,HDI,Bosnia and Herzegovina,2010,exact_2010,Europe
Slovenia,Slovenia,SVN,hdi,HDI,Slovenia,2010,exact_2010,Europe
Bulgaria,Bulgaria,BGR,hdi,HDI,Bulgaria,2010,exact_2010,Europe
Norway,Norway,NOR,hdi,HDI,Norway,2010,exact_2010,Europe
Denmark,Denmark,DNK,hdi,HDI,Denmark,2010,exact_2010,Europe
Belarus,Belarus,BLR,hdi,HDI,Belarus,2010,exact_2010,Europe
Finland,Finland,FIN,hdi,HDI,Finland,2010,exact_2010,Europe
Vietnam,Vietnam,VNM,hdi,HDI,Vietnam,2010,exact_2010,Asia
HongKong,Hong Kong,HKG,hdi,HDI,Hong Kong,2010,exact_2010,Asia
Malaysia,Malaysia,MYS,hdi,HDI,Malaysia,2010,exact_2010,Asia
Singapore,Singapore,SGP,hdi,HDI,Singapore,2010,exact_2010,Asia
Thailand,Thailand,THA,hdi,HDI,Thailand,2010,exact_2010,Asia
Croatia,Croatia,HRV,hdi,HDI,Croatia,2010,exact_2010,Europe
Romania,Romania,ROU,hdi,HDI,Romania,2010,exact_2010,Europe
Austria,Austria,AUT,hdi,HDI,Austria,2010,exact_2010,Europe
Slovakia,Slovakia,SVK,hdi,HDI,Slovakia,2010,exact_2010,Europe
Italy,Italy,ITA,hdi,HDI,Italy,2010,exact_2010,Europe
Philippines,Philippines,PHL,hdi,HDI,Philippines,2010,exact_2010,Asia
Chile,Chile,CHL,hdi,HDI,Chile,2010,exact_2010,South America
Japan,Japan,JPN,hdi,HDI,Japan,2010,exact_2010,Asia
NewZealand,New Zealand,NZL,hdi,HDI,New Zealand,2010,exact_2010,Oceania
Guyana,Guyana,GUY,hdi,HDI,Guyana,2010,exact_2010,South America
Cuba,Cuba,CUB,hdi,HDI,Cuba,2010,exact_2010,North America
Bolivia,Bolivia,BOL,hdi,HDI,Bolivia,2010,exact_2010,South America
Nepal,Nepal,NPL,hdi,HDI,Nepal,2010,exact_2010,Asia
Venezuela,Venezuela,VEN,hdi,HDI,Venezuela,2010,exact_2010,South America
Angola,Angola,AGO,hdi,HDI,Angola,2010,exact_2010,Africa
Ireland,Ireland,IRL,hdi,HDI,Ireland,2010,exact_2010,Europe
Malta,Malta,MLT,hdi,HDI,Malta,2010,exact_2010,Europe
Poland,Poland,POL,hdi,HDI,Poland,2010,exact_2010,Europe
Brazil,Brazil,BRA,hdi,HDI,Brazil,2010,exact_2010,South America
Guatemala,Guatemala,GTM,hdi,HDI,Guatemala,2010,exact_2010,North America
SierraLeone,Sierra Leone,SLE,hdi,HDI,Sierra Leone,2010,exact_2010,Africa
Nicaragua,Nicaragua,NIC,hdi,HDI,Nicaragua,2010,exact_2010,North America
Mexico,Mexico,MEX,hdi,HDI,Mexico,2010,exact_2010,North America
Peru,Peru,PER,hdi,HDI,Peru,2010,exact_2010,South America
Portugal,Portugal,PRT,hdi,HDI,Portugal,2010,exact_2010,Europe
Estonia,Estonia,EST,hdi,HDI,Estonia,2010,exact_2010,Europe
"Congo,DemocraticRepublicofthe","Congo, Democratic Republicofthe",COD,hdi,HDI,Democratic Republic of Congo,2010,exact_2010,Africa
Coted'Ivoire,Coted'Ivoire,CIV,hdi,HDI,Cote d'Ivoire,2010,exact_2010,Africa
Guinea,Guinea,GIN,hdi,HDI,Guinea,2010,exact_2010,Africa
Colombia,Colombia,COL,hdi,HDI,Colombia,2010,exact_2010,South America
Kazakhstan,Kazakhstan,KAZ,hdi,HDI,Kazakhstan,2010,exact_2010,Asia
Uzbekistan,Uzbekistan,UZB,hdi,HDI,Uzbekistan,2010,exact_2010,Asia
CapeVerde,Cape Verde,CPV,hdi,HDI,Cape Verde,2010,exact_2010,Africa
Hungary,Hungary,HUN,hdi,HDI,Hungary,2010,exact_2010,Europe
Latvia,Latvia,LVA,hdi,HDI,Latvia,2010,exact_2010,Europe
Lithuania,Lithuania,LTU,hdi,HDI,Lithuania,2010,exact_2010,Europe
Mongolia,Mongolia,MNG,hdi,HDI,Mongolia,2010,exact_2010,Asia
Moldova,Moldova,MDA,hdi,HDI,Moldova,2010,exact_2010,Europe
Ecuador,Ecuador,ECU,hdi,HDI,Ecuador,2010,exact_2010,South America
DominicanRepublic,Dominican Republic,DOM,hdi,HDI,Dominican Republic,2010,exact_2010,North America
Uruguay,Uruguay,URY,hdi,HDI,Uruguay,2010,exact_2010,South America
CostaRica,Costa Rica,CRI,hdi,HDI,Costa Rica,2010,exact_2010,North America
SouthAfrica,South Africa,ZAF,gdp_per_capita,WDI,South Africa,2010,exact_2010,Africa
Sudan,Sudan,SDN,gdp_per_capita,WDI,Sudan,2010,exact_2010,Africa
Afghanistan,Afghanistan,AFG,gdp_per_capita,WDI,Afghanistan,2010,exact_2010,Asia
"Congo,Republic","Congo, Republic",COG,gdp_per_capita,WDI,"Congo, Rep.",2010,exact_2010,Africa
Morocco,Morocco,MAR,gdp_per_capita,WDI,Morocco,2010,exact_2010,Africa
Burundi,Burundi,BDI,gdp_per_capita,WDI,Burundi,2010,exact_2010,Africa
Kenya,Kenya,KEN,gdp_per_capita,WDI,Kenya,2010,exact_2010,Africa
CzechRepublic,Czech Republic,CZE,gdp_per_capita,WDI,Czechia,2010,exact_2010,Europe
"Korea,South","Korea, South",KOR,gdp_per_capita,WDI,"Korea, Rep.",2010,exact_2010,Asia
Cameroon,Cameroon,CMR,gdp_per_capita,WDI,Cameroon,2010,exact_2010,Africa
Senegal,Senegal,SEN,gdp_per_capita,WDI,Senegal,2010,exact_2010,Africa
Ghana,Ghana,GHA,gdp_per_capita,WDI,Ghana,2010,exact_2010,Africa
Canada,Canada,CAN,gdp_per_capita,WDI,Canada,2010,exact_2010,North America
Turkey,Turkey,TUR,gdp_per_capita,WDI,Turkiye,2010,exact_2010,Asia
Zimbabwe,Zimbabwe,ZWE,gdp_per_capita,WDI,Zimbabwe,2010,exact_2010,Africa
Rwanda,Rwanda,RWA,gdp_per_capita,WDI,Rwanda,2010,exact_2010,Africa
Netherlands,Netherlands,NLD,gdp_per_capita,WDI,Netherlands,2010,exact_2010,Europe
Nigeria,Nigeria,NGA,gdp_per_capita,WDI,Nigeria,2010,exact_2010,Africa
Albania,Albania,ALB,gdp_per_capita,WDI,Albania,2010,exact_2010,Europe
France,France,FRA,gdp_per_capita,WDI,France,2010,exact_2010,Europe
USSR,USSR,RUS,gdp_per_capita,WDI,Russian Federation,2010,exact_2010,Europe
Australia,Australia,AUS,gdp_per_capita,WDI,Australia,2010,exact_2010,Oceania
UnitedKingdom,United Kingdom,GBR,gdp_per_capita,WDI,United Kingdom,2010,exact_2010,Europe
Ethiopia,Ethiopia,ETH,gdp_per_capita,WDI,Ethiopia,2010,exact_2010,Africa
Syria,Syria,SYR,gdp_per_capita,WDI,Syrian Arab Republic,2010,exact_2010,Asia
Egypt,Egypt,EGY,gdp_per_capita,WDI,"Egypt, Arab Rep.",2010,exact_2010,Africa
Iran,Iran,IRN,gdp_per_capita,WDI,"Iran, Islamic Rep.",2010,exact_2010,Asia
Algeria,Algeria,DZA,gdp_per_capita,WDI,Algeria,2010,exact_2010,Africa
Lebanon,Lebanon,LBN,gdp_per_capita,WDI,Lebanon,2010,exact_2010,Asia
Iraq,Iraq,IRQ,gdp_per_capita,WDI,Iraq,2010,exact_2010,Asia
Libya,Libya,LBY,gdp_per_capita,WDI,Libya,2010,exact_2010,Africa
UnitedStates,United States,USA,gdp_per_capita,WDI,United States,2010,exact_2010,North America
Israel,Israel,ISR,gdp_per_capita,WDI,Israel,2010,exact_2010,Asia
Kuwait,Kuwait,KWT,gdp_per_capita,WDI,Kuwait,2010,exact_2010,Asia
Tunisia,Tunisia,TUN,gdp_per_capita,WDI,Tunisia,2010,exact_2010,Africa
SaudiArabia,Saudi Arabia,SAU,gdp_per_capita,WDI,Saudi Arabia,2010,exact_2010,Asia
Greece,Greece,GRC,gdp_per_capita,WDI,Greece,2010,exact_2010,Europe
Belgium,Belgium,BEL,gdp_per_capita,WDI,Belgium,2010,exact_2010,Europe
Germany,Germany,DEU,gdp_per_capita,WDI,Germany,2010,exact_2010,Europe
Togo,Togo,TGO,gdp_per_capita,WDI,Togo,2010,exact_2010,Africa
Spain,Spain,ESP,gdp_per_capita,WDI,Spain,2010,exact_2010,Europe
India,India,IND,gdp_per_capita,WDI,India,2010,exact_2010,Asia
Aruba,Aruba,ABW,gdp_per_capita,WDI,Aruba,2010,exact_2010,
Iceland,Iceland,ISL,gdp_per_capita,WDI,Iceland,2010,exact_2010,Europe
Switzerland,Switzerland,CHE,gdp_per_capita,WDI,Switzerland,2010,exact_2010,Europe
ElSalvador,El Salvador,SLV,gdp_per_capita,WDI,El Salvador,2010,exact_2010,North America
Somalia,Somalia,SOM,gdp_per_capita,WDI,"Somalia, Fed. Rep.",2010,exact_2010,Africa
Tanzania,Tanzania,TZA,gdp_per_capita,WDI,Tanzania,2010,exact_2010,Africa
Mozambique,Mozambique,MOZ,gdp_per_capita,WDI,Mozambique,2010,exact_2010,Africa
China,China,CHN,gdp_per_capita,WDI,China,2010,exact_2010,Asia
Sweden,Sweden,SWE,gdp_per_capita,WDI,Sweden,2010,exact_2010,Europe
Azerbaijan,Azerbaijan,AZE,gdp_per_capita,WDI,Azerbaijan,2010,exact_2010,Asia
Armenia,Armenia,ARM,gdp_per_capita,WDI,Armenia,2010,exact_2010,Asia
Georgia,Georgia,GEO,gdp_per_capita,WDI,Georgia,2010,exact_2010,Asia
Ukraine,Ukraine,UKR,gdp_per_capita,WDI,Ukraine,2010,exact_2010,Europe
Argentina,Argentina,ARG,gdp_per_capita,WDI,Argentina,2010,exact_2010,South America
Bangladesh,Bangladesh,BGD,gdp_per_capita,WDI,Bangladesh,2010,exact_2010,Asia
Pakistan,Pakistan,PAK,gdp_per_capita,WDI,Pakistan,2010,exact_2010,Asia
Indonesia,Indonesia,IDN,gdp_per_capita,WDI,Indonesia,2010,exact_2010,Asia
BosniaandHerzegovina,Bosniaand Herzegovina,BIH,gdp_per_capita,WDI,Bosnia and Herzegovina,2010,exact_2010,Europe
Slovenia,Slovenia,SVN,gdp_per_capita,WDI,Slovenia,2010,exact_2010,Europe
Bulgaria,Bulgaria,BGR,gdp_per_capita,WDI,Bulgaria,2010,exact_2010,Europe
Norway,Norway,NOR,gdp_per_capita,WDI,Norway,2010,exact_2010,Europe
Denmark,Denmark,DNK,gdp_per_capita,WDI,Denmark,2010,exact_2010,Europe
Belarus,Belarus,BLR,gdp_per_capita,WDI,Belarus,2010,exact_2010,Europe
Finland,Finland,FIN,gdp_per_capita,WDI,Finland,2010,exact_2010,Europe
Vietnam,Vietnam,VNM,gdp_per_capita,WDI,Viet Nam,2010,exact_2010,Asia
HongKong,Hong Kong,HKG,gdp_per_capita,WDI,"Hong Kong SAR, China",2010,exact_2010,Asia
Malaysia,Malaysia,MYS,gdp_per_capita,WDI,Malaysia,2010,exact_2010,Asia
Singapore,Singapore,SGP,gdp_per_capita,WDI,Singapore,2010,exact_2010,Asia
Thailand,Thailand,THA,gdp_per_capita,WDI,Thailand,2010,exact_2010,Asia
Croatia,Croatia,HRV,gdp_per_capita,WDI,Croatia,2010,exact_2010,Europe
Romania,Romania,ROU,gdp_per_capita,WDI,Romania,2010,exact_2010,Europe
Austria,Austria,AUT,gdp_per_capita,WDI,Austria,2010,exact_2010,Europe
Slovakia,Slovakia,SVK,gdp_per_capita,WDI,Slovak Republic,2010,exact_2010,Europe
Italy,Italy,ITA,gdp_per_capita,WDI,Italy,2010,exact_2010,Europe
Philippines,Philippines,PHL,gdp_per_capita,WDI,Philippines,2010,exact_2010,Asia
Chile,Chile,CHL,gdp_per_capita,WDI,Chile,2010,exact_2010,South America
Japan,Japan,JPN,gdp_per_capita,WDI,Japan,2010,exact_2010,Asia
NewZealand,New Zealand,NZL,gdp_per_capita,WDI,New Zealand,2010,exact_2010,Oceania
Guyana,Guyana,GUY,gdp_per_capita,WDI,Guyana,2010,exact_2010,South America
Bolivia,Bolivia,BOL,gdp_per_capita,WDI,Bolivia,2010,exact_2010,South America
Nepal,Nepal,NPL,gdp_per_capita,WDI,Nepal,2010,exact_2010,Asia
Angola,Angola,AGO,gdp_per_capita,WDI,Angola,2010,exact_2010,Africa
Ireland,Ireland,IRL,gdp_per_capita,WDI,Ireland,2010,exact_2010,Europe
Malta,Malta,MLT,gdp_per_capita,WDI,Malta,2010,exact_2010,Europe
Poland,Poland,POL,gdp_per_capita,WDI,Poland,2010,exact_2010,Europe
Brazil,Brazil,BRA,gdp_per_capita,WDI,Brazil,2010,exact_2010,South America
Guatemala,Guatemala,GTM,gdp_per_capita,WDI,Guatemala,2010,exact_2010,North America
SierraLeone,Sierra Leone,SLE,gdp_per_capita,WDI,Sierra Leone,2010,exact_2010,Africa
Nicaragua,Nicaragua,NIC,gdp_per_capita,WDI,Nicaragua,2010,exact_2010,North America
Mexico,Mexico,MEX,gdp_per_capita,WDI,Mexico,2010,exact_2010,North America
Peru,Peru,PER,gdp_per_capita,WDI,Peru,2010,exact_2010,South America
Portugal,Portugal,PRT,gdp_per_capita,WDI,Portugal,2010,exact_2010,Europe
Estonia,Estonia,EST,gdp_per_capita,WDI,Estonia,2010,exact_2010,Europe
"Congo,DemocraticRepublicofthe","Congo, Democratic Republicofthe",COD,gdp_per_capita,WDI,"Congo, Dem. Rep.",2010,exact_2010,Africa
Coted'Ivoire,Coted'Ivoire,CIV,gdp_per_capita,WDI,Cote d'Ivoire,2010,exact_2010,Africa
Guinea,Guinea,GIN,gdp_per_capita,WDI,Guinea,2010,exact_2010,Africa
Colombia,Colombia,COL,gdp_per_capita,WDI,Colombia,2010,exact_2010,South America
Kazakhstan,Kazakhstan,KAZ,gdp_per_capita,WDI,Kazakhstan,2010,exact_2010,Asia
Uzbekistan,Uzbekistan,UZB,gdp_per_capita,WDI,Uzbekistan,2010,exact_2010,Asia
CapeVerde,Cape Verde,CPV,gdp_per_capita,WDI,Cabo Verde,2010,exact_2010,Africa
Hungary,Hungary,HUN,gdp_per_capita,WDI,Hungary,2010,exact_2010,Europe
Latvia,Latvia,LVA,gdp_per_capita,WDI,Latvia,2010,exact_2010,Europe
Lithuania,Lithuania,LTU,gdp_per_capita,WDI,Lithuania,2010,exact_2010,Europe
Mongolia,Mongolia,MNG,gdp_per_capita,WDI,Mongolia,2010,exact_2010,Asia
Moldova,Moldova,MDA,gdp_per_capita,WDI,Moldova,2010,exact_2010,Europe
Ecuador,Ecuador,ECU,gdp_per_capita,WDI,Ecuador,2010,exact_2010,South America
DominicanRepublic,Dominican Republic,DOM,gdp_per_capita,WDI,Dominican Republic,2010,exact_2010,North America
Uruguay,Uruguay,URY,gdp_per_capita,WDI,Uruguay,2010,exact_2010,South America
CostaRica,Costa Rica,CRI,gdp_per_capita,WDI,Costa Rica,2010,exact_2010,North America
SouthAfrica,South Africa,ZAF,adult_literacy,WDI,South Africa,2010,exact_2010,Africa
Sudan,Sudan,SDN,adult_literacy,WDI,Sudan,2008,latest_available_before_2010,Africa
Afghanistan,Afghanistan,AFG,adult_literacy,WDI,Afghanistan,1979,latest_available_before_2010,Asia
"Congo,Republic","Congo, Republic",COG,adult_literacy,WDI,"Congo, Rep.",2005,latest_available_before_2010,Africa
Morocco,Morocco,MAR,adult_literacy,WDI,Morocco,2009,latest_available_before_2010,Africa
Burundi,Burundi,BDI,adult_literacy,WDI,Burundi,2008,latest_available_before_2010,Africa
Kenya,Kenya,KEN,adult_literacy,WDI,Kenya,2000,latest_available_before_2010,Africa
"Korea,South","Korea, South",KOR,adult_literacy,WDI,"Korea, Rep.",2008,latest_available_before_2010,Asia
Cameroon,Cameroon,CMR,adult_literacy,WDI,Cameroon,2010,exact_2010,Africa
Senegal,Senegal,SEN,adult_literacy,WDI,Senegal,2009,latest_available_before_2010,Africa
Ghana,Ghana,GHA,adult_literacy,WDI,Ghana,2010,exact_2010,Africa
Turkey,Turkey,TUR,adult_literacy,WDI,Turkiye,2010,exact_2010,Asia
Zimbabwe,Zimbabwe,ZWE,adult_literacy,WDI,Zimbabwe,1992,latest_available_before_2010,Africa
Rwanda,Rwanda,RWA,adult_literacy,WDI,Rwanda,2000,latest_available_before_2010,Africa
Nigeria,Nigeria,NGA,adult_literacy,WDI,Nigeria,2006,latest_available_before_2010,Africa
Albania,Albania,ALB,adult_literacy,WDI,Albania,2008,latest_available_before_2010,Europe
USSR,USSR,RUS,adult_literacy,WDI,Russian Federation,2010,exact_2010,Europe
Ethiopia,Ethiopia,ETH,adult_literacy,WDI,Ethiopia,2007,latest_available_before_2010,Africa
Syria,Syria,SYR,adult_literacy,WDI,Syrian Arab Republic,2004,latest_available_before_2010,Asia
Egypt,Egypt,EGY,adult_literacy,WDI,"Egypt, Arab Rep.",2010,exact_2010,Africa
Eritrea,Eritrea,ERI,adult_literacy,WDI,Eritrea,2008,latest_available_before_2010,Africa
Iran,Iran,IRN,adult_literacy,WDI,"Iran, Islamic Rep.",2010,exact_2010,Asia
Algeria,Algeria,DZA,adult_literacy,WDI,Algeria,2008,latest_available_before_2010,Africa
Lebanon,Lebanon,LBN,adult_literacy,WDI,Lebanon,2009,latest_available_before_2010,Asia
Iraq,Iraq,IRQ,adult_literacy,WDI,Iraq,2000,latest_available_before_2010,Asia
Libya,Libya,LBY,adult_literacy,WDI,Libya,1984,latest_available_before_2010,Africa
Israel,Israel,ISR,adult_literacy,WDI,Israel,1983,latest_available_before_2010,Asia
Kuwait,Kuwait,KWT,adult_literacy,WDI,Kuwait,2010,exact_2010,Asia
Tunisia,Tunisia,TUN,adult_literacy,WDI,Tunisia,2010,exact_2010,Africa
SaudiArabia,Saudi Arabia,SAU,adult_literacy,WDI,Saudi Arabia,2004,latest_available_before_2010,Asia
Greece,Greece,GRC,adult_literacy,WDI,Greece,2009,latest_available_before_2010,Europe
Togo,Togo,TGO,adult_literacy,WDI,Togo,2010,exact_2010,Africa
Spain,Spain,ESP,adult_literacy,WDI,Spain,2010,exact_2010,Europe
India,India,IND,adult_literacy,WDI,India,2010,exact_2010,Asia
Aruba,Aruba,ABW,adult_literacy,WDI,Aruba,2010,exact_2010,
ElSalvador,El Salvador,SLV,adult_literacy,WDI,El Salvador,2010,exact_2010,North America
Somalia,Somalia,SOM,adult_literacy,WDI,"Somalia, Fed. Rep.",2019,earliest_available_after_2010,Africa
Tanzania,Tanzania,TZA,adult_literacy,WDI,Tanzania,2002,latest_available_before_2010,Africa
Mozambique,Mozambique,MOZ,adult_literacy,WDI,Mozambique,2009,latest_available_before_2010,Africa
China,China,CHN,adult_literacy,WDI,China,2010,exact_2010,Asia
Azerbaijan,Azerbaijan,AZE,adult_literacy,WDI,Azerbaijan,2010,exact_2010,Asia
Armenia,Armenia,ARM,adult_literacy,WDI,Armenia,2001,latest_available_before_2010,Asia
Georgia,Georgia,GEO,adult_literacy,WDI,Georgia,2002,latest_available_before_2010,Asia
Ukraine,Ukraine,UKR,adult_literacy,WDI,Ukraine,2001,latest_available_before_2010,Europe
Argentina,Argentina,ARG,adult_literacy,WDI,Argentina,2001,latest_available_before_2010,South America
Bangladesh,Bangladesh,BGD,adult_literacy,WDI,Bangladesh,2001,latest_available_before_2010,Asia
Pakistan,Pakistan,PAK,adult_literacy,WDI,Pakistan,2010,exact_2010,Asia
Indonesia,Indonesia,IDN,adult_literacy,WDI,Indonesia,2010,exact_2010,Asia
BosniaandHerzegovina,Bosniaand Herzegovina,BIH,adult_literacy,WDI,Bosnia and Herzegovina,2000,latest_available_before_2010,Europe
Slovenia,Slovenia,SVN,adult_literacy,WDI,Slovenia,1991,latest_available_before_2010,Europe
Bulgaria,Bulgaria,BGR,adult_literacy,WDI,Bulgaria,2001,latest_available_before_2010,Europe
Belarus,Belarus,BLR,adult_literacy,WDI,Belarus,2009,latest_available_before_2010,Europe
Vietnam,Vietnam,VNM,adult_literacy,WDI,Viet Nam,2009,latest_available_before_2010,Asia
Malaysia,Malaysia,MYS,adult_literacy,WDI,Malaysia,2010,exact_2010,Asia
Singapore,Singapore,SGP,adult_literacy,WDI,Singapore,2010,exact_2010,Asia
Thailand,Thailand,THA,adult_literacy,WDI,Thailand,2010,exact_2010,Asia
Croatia,Croatia,HRV,adult_literacy,WDI,Croatia,2001,latest_available_before_2010,Europe
Romania,Romania,ROU,adult_literacy,WDI,Romania,2002,latest_available_before_2010,Europe
Italy,Italy,ITA,adult_literacy,WDI,Italy,2001,latest_available_before_2010,Europe
Philippines,Philippines,PHL,adult_literacy,WDI,Philippines,2010,exact_2010,Asia
Chile,Chile,CHL,adult_literacy,WDI,Chile,2002,latest_available_before_2010,South America
Guyana,Guyana,GUY,adult_literacy,WDI,Guyana,2020,earliest_available_after_2010,South America
Cuba,Cuba,CUB,adult_literacy,WDI,Cuba,2002,latest_available_before_2010,North America
Bolivia,Bolivia,BOL,adult_literacy,WDI,Bolivia,2009,latest_available_before_2010,South America
Nepal,Nepal,NPL,adult_literacy,WDI,Nepal,2008,latest_available_before_2010,Asia
Venezuela,Venezuela,VEN,adult_literacy,WDI,"Venezuela, RB",2010,exact_2010,South America
Angola,Angola,AGO,adult_literacy,WDI,Angola,2001,latest_available_before_2010,Africa
Malta,Malta,MLT,adult_literacy,WDI,Malta,2005,latest_available_before_2010,Europe
Poland,Poland,POL,adult_literacy,WDI,Poland,1978,latest_available_before_2010,Europe
Brazil,Brazil,BRA,adult_literacy,WDI,Brazil,2010,exact_2010,South America
Guatemala,Guatemala,GTM,adult_literacy,WDI,Guatemala,2002,latest_available_before_2010,North America
SierraLeone,Sierra Leone,SLE,adult_literacy,WDI,Sierra Leone,2004,latest_available_before_2010,Africa
Nicaragua,Nicaragua,NIC,adult_literacy,WDI,Nicaragua,2005,latest_available_before_2010,North America
Mexico,Mexico,MEX,adult_literacy,WDI,Mexico,2010,exact_2010,North America
Peru,Peru,PER,adult_literacy,WDI,Peru,2007,latest_available_before_2010,South America
Portugal,Portugal,PRT,adult_literacy,WDI,Portugal,1991,latest_available_before_2010,Europe
Estonia,Estonia,EST,adult_literacy,WDI,Estonia,2000,latest_available_before_2010,Europe
"Congo,DemocraticRepublicofthe","Congo, Democratic Republicofthe",COD,adult_literacy,WDI,"Congo, Dem. Rep.",2001,latest_available_before_2010,Africa
Coted'Ivoire,Coted'Ivoire,CIV,adult_literacy,WDI,Cote d'Ivoire,2000,latest_available_before_2010,Africa
Guinea,Guinea,GIN,adult_literacy,WDI,Guinea,2010,exact_2010,Africa
Colombia,Colombia,COL,adult_literacy,WDI,Colombia,2010,exact_2010,South America
Kazakhstan,Kazakhstan,KAZ,adult_literacy,WDI,Kazakhstan,2009,latest_available_before_2010,Asia
Uzbekistan,Uzbekistan,UZB,adult_literacy,WDI,Uzbekistan,2000,latest_available_before_2010,Asia
CapeVerde,Cape Verde,CPV,adult_literacy,WDI,Cabo Verde,2009,latest_available_before_2010,Africa
Hungary,Hungary,HUN,adult_literacy,WDI,Hungary,1980,latest_available_before_2010,Europe
Latvia,Latvia,LVA,adult_literacy,WDI,Latvia,2000,latest_available_before_2010,Europe
Lithuania,Lithuania,LTU,adult_literacy,WDI,Lithuania,2001,latest_available_before_2010,Europe
Mongolia,Mongolia,MNG,adult_literacy,WDI,Mongolia,2010,exact_2010,Asia
Moldova,Moldova,MDA,adult_literacy,WDI,Moldova,2000,latest_available_before_2010,Europe
Ecuador,Ecuador,ECU,adult_literacy,WDI,Ecuador,2010,exact_2010,South America
DominicanRepublic,Dominican Republic,DOM,adult_literacy,WDI,Dominican Republic,2010,exact_2010,North America
Uruguay,Uruguay,URY,adult_literacy,WDI,Uruguay,2010,exact_2010,South America
CostaRica,Costa Rica,CRI,adult_literacy,WDI,Costa Rica,2000,latest_available_before_2010,North America
SouthAfrica,South Africa,ZAF,internet_use,WDI,South Africa,2010,exact_2010,Africa
Sudan,Sudan,SDN,internet_use,WDI,Sudan,2007,latest_available_before_2010,Africa
Afghanistan,Afghanistan,AFG,internet_use,WDI,Afghanistan,2010,exact_2010,Asia
"Congo,Republic","Congo, Republic",COG,internet_use,WDI,"Congo, Rep.",2010,exact_2010,Africa
Morocco,Morocco,MAR,internet_use,WDI,Morocco,2010,exact_2010,Africa
Burundi,Burundi,BDI,internet_use,WDI,Burundi,2010,exact_2010,Africa
Kenya,Kenya,KEN,internet_use,WDI,Kenya,2010,exact_2010,Africa
CzechRepublic,Czech Republic,CZE,internet_use,WDI,Czechia,2010,exact_2010,Europe
"Korea,South","Korea, South",KOR,internet_use,WDI,"Korea, Rep.",2010,exact_2010,Asia
Cameroon,Cameroon,CMR,internet_use,WDI,Cameroon,2010,exact_2010,Africa
Senegal,Senegal,SEN,internet_use,WDI,Senegal,2010,exact_2010,Africa
Ghana,Ghana,GHA,internet_use,WDI,Ghana,2010,exact_2010,Africa
Canada,Canada,CAN,internet_use,WDI,Canada,2010,exact_2010,North America
Turkey,Turkey,TUR,internet_use,WDI,Turkiye,2010,exact_2010,Asia
Zimbabwe,Zimbabwe,ZWE,internet_use,WDI,Zimbabwe,2010,exact_2010,Africa
Rwanda,Rwanda,RWA,internet_use,WDI,Rwanda,2010,exact_2010,Africa
Netherlands,Netherlands,NLD,internet_use,WDI,Netherlands,2010,exact_2010,Europe
Nigeria,Nigeria,NGA,internet_use,WDI,Nigeria,2010,exact_2010,Africa
Albania,Albania,ALB,internet_use,WDI,Albania,2010,exact_2010,Europe
France,France,FRA,internet_use,WDI,France,2010,exact_2010,Europe
USSR,USSR,RUS,internet_use,WDI,Russian Federation,2010,exact_2010,Europe
Australia,Australia,AUS,internet_use,WDI,Australia,2010,exact_2010,Oceania
UnitedKingdom,United Kingdom,GBR,internet_use,WDI,United Kingdom,2010,exact_2010,Europe
Ethiopia,Ethiopia,ETH,internet_use,WDI,Ethiopia,2010,exact_2010,Africa
Syria,Syria,SYR,internet_use,WDI,Syrian Arab Republic,2010,exact_2010,Asia
Egypt,Egypt,EGY,internet_use,WDI,"Egypt, Arab Rep.",2010,exact_2010,Africa
Eritrea,Eritrea,ERI,internet_use,WDI,Eritrea,2010,exact_2010,Africa
Iran,Iran,IRN,internet_use,WDI,"Iran, Islamic Rep.",2010,exact_2010,Asia
Algeria,Algeria,DZA,internet_use,WDI,Algeria,2010,exact_2010,Africa
Lebanon,Lebanon,LBN,internet_use,WDI,Lebanon,2010,exact_2010,Asia
Iraq,Iraq,IRQ,internet_use,WDI,Iraq,2010,exact_2010,Asia
Libya,Libya,LBY,internet_use,WDI,Libya,2010,exact_2010,Africa
UnitedStates,United States,USA,internet_use,WDI,United States,2010,exact_2010,North America
Israel,Israel,ISR,internet_use,WDI,Israel,2010,exact_2010,Asia
Kuwait,Kuwait,KWT,internet_use,WDI,Kuwait,2010,exact_2010,Asia
Tunisia,Tunisia,TUN,internet_use,WDI,Tunisia,2010,exact_2010,Africa
SaudiArabia,Saudi Arabia,SAU,internet_use,WDI,Saudi Arabia,2010,exact_2010,Asia
Greece,Greece,GRC,internet_use,WDI,Greece,2010,exact_2010,Europe
Belgium,Belgium,BEL,internet_use,WDI,Belgium,2010,exact_2010,Europe
Germany,Germany,DEU,internet_use,WDI,Germany,2010,exact_2010,Europe
Togo,Togo,TGO,internet_use,WDI,Togo,2010,exact_2010,Africa
Spain,Spain,ESP,internet_use,WDI,Spain,2010,exact_2010,Europe
India,India,IND,internet_use,WDI,India,2010,exact_2010,Asia
Aruba,Aruba,ABW,internet_use,WDI,Aruba,2010,exact_2010,
Iceland,Iceland,ISL,internet_use,WDI,Iceland,2010,exact_2010,Europe
Switzerland,Switzerland,CHE,internet_use,WDI,Switzerland,2010,exact_2010,Europe
ElSalvador,El Salvador,SLV,internet_use,WDI,El Salvador,2010,exact_2010,North America
Somalia,Somalia,SOM,internet_use,WDI,"Somalia, Fed. Rep.",2009,latest_available_before_2010,Africa
Tanzania,Tanzania,TZA,internet_use,WDI,Tanzania,2010,exact_2010,Africa
Mozambique,Mozambique,MOZ,internet_use,WDI,Mozambique,2010,exact_2010,Africa
China,China,CHN,internet_use,WDI,China,2010,exact_2010,Asia
Sweden,Sweden,SWE,internet_use,WDI,Sweden,2010,exact_2010,Europe
Azerbaijan,Azerbaijan,AZE,internet_use,WDI,Azerbaijan,2010,exact_2010,Asia
Armenia,Armenia,ARM,internet_use,WDI,Armenia,2010,exact_2010,Asia
Georgia,Georgia,GEO,internet_use,WDI,Georgia,2010,exact_2010,Asia
Ukraine,Ukraine,UKR,internet_use,WDI,Ukraine,2010,exact_2010,Europe
Argentina,Argentina,ARG,internet_use,WDI,Argentina,2010,exact_2010,South America
Bangladesh,Bangladesh,BGD,internet_use,WDI,Bangladesh,2010,exact_2010,Asia
Pakistan,Pakistan,PAK,internet_use,WDI,Pakistan,2010,exact_2010,Asia
Indonesia,Indonesia,IDN,internet_use,WDI,Indonesia,2010,exact_2010,Asia
BosniaandHerzegovina,Bosniaand Herzegovina,BIH,internet_use,WDI,Bosnia and Herzegovina,2010,exact_2010,Europe
Slovenia,Slovenia,SVN,internet_use,WDI,Slovenia,2010,exact_2010,Europe
Bulgaria,Bulgaria,BGR,internet_use,WDI,Bulgaria,2010,exact_2010,Europe
Norway,Norway,NOR,internet_use,WDI,Norway,2010,exact_2010,Europe
Denmark,Denmark,DNK,internet_use,WDI,Denmark,2010,exact_2010,Europe
Belarus,Belarus,BLR,internet_use,WDI,Belarus,2010,exact_2010,Europe
Finland,Finland,FIN,internet_use,WDI,Finland,2010,exact_2010,Europe
Vietnam,Vietnam,VNM,internet_use,WDI,Viet Nam,2010,exact_2010,Asia
HongKong,Hong Kong,HKG,internet_use,WDI,"Hong Kong SAR, China",2010,exact_2010,Asia
Malaysia,Malaysia,MYS,internet_use,WDI,Malaysia,2010,exact_2010,Asia
Singapore,Singapore,SGP,internet_use,WDI,Singapore,2010,exact_2010,Asia
Thailand,Thailand,THA,internet_use,WDI,Thailand,2010,exact_2010,Asia
Croatia,Croatia,HRV,internet_use,WDI,Croatia,2010,exact_2010,Europe
Romania,Romania,ROU,internet_use,WDI,Romania,2010,exact_2010,Europe
Austria,Austria,AUT,internet_use,WDI,Austria,2010,exact_2010,Europe
Slovakia,Slovakia,SVK,internet_use,WDI,Slovak Republic,2010,exact_2010,Europe
Italy,Italy,ITA,internet_use,WDI,Italy,2010,exact_2010,Europe
Philippines,Philippines,PHL,internet_use,WDI,Philippines,2010,exact_2010,Asia
Chile,Chile,CHL,internet_use,WDI,Chile,2010,exact_2010,South America
Japan,Japan,JPN,internet_use,WDI,Japan,2010,exact_2010,Asia
NewZealand,New Zealand,NZL,internet_use,WDI,New Zealand,2010,exact_2010,Oceania
Guyana,Guyana,GUY,internet_use,WDI,Guyana,2010,exact_2010,South America
Cuba,Cuba,CUB,internet_use,WDI,Cuba,2010,exact_2010,North America
Bolivia,Bolivia,BOL,internet_use,WDI,Bolivia,2010,exact_2010,South America
Nepal,Nepal,NPL,internet_use,WDI,Nepal,2010,exact_2010,Asia
Venezuela,Venezuela,VEN,internet_use,WDI,"Venezuela, RB",2010,exact_2010,South America
Angola,Angola,AGO,internet_use,WDI,Angola,2010,exact_2010,Africa
Ireland,Ireland,IRL,internet_use,WDI,Ireland,2010,exact_2010,Europe
Malta,Malta,MLT,internet_use,WDI,Malta,2010,exact_2010,Europe
Poland,Poland,POL,internet_use,WDI,Poland,2010,exact_2010,Europe
Brazil,Brazil,BRA,internet_use,WDI,Brazil,2010,exact_2010,South America
Guatemala,Guatemala,GTM,internet_use,WDI,Guatemala,2010,exact_2010,North America
SierraLeone,Sierra Leone,SLE,internet_use,WDI,Sierra Leone,2010,exact_2010,Africa
Nicaragua,Nicaragua,NIC,internet_use,WDI,Nicaragua,2010,exact_2010,North America
Mexico,Mexico,MEX,internet_use,WDI,Mexico,2010,exact_2010,North America
Peru,Peru,PER,internet_use,WDI,Peru,2010,exact_2010,South America
Portugal,Portugal,PRT,internet_use,WDI,Portugal,2010,exact_2010,Europe
Estonia,Estonia,EST,internet_use,WDI,Estonia,2010,exact_2010,Europe
"Congo,DemocraticRepublicofthe","Congo, Democratic Republicofthe",COD,internet_use,WDI,"Congo, Dem. Rep.",2010,exact_2010,Africa
Coted'Ivoire,Coted'Ivoire,CIV,internet_use,WDI,Cote d'Ivoire,2010,exact_2010,Africa
Guinea,Guinea,GIN,internet_use,WDI,Guinea,2010,exact_2010,Africa
Colombia,Colombia,COL,internet_use,WDI,Colombia,2010,exact_2010,South America
Kazakhstan,Kazakhstan,KAZ,internet_use,WDI,Kazakhstan,2010,exact_2010,Asia
Uzbekistan,Uzbekistan,UZB,internet_use,WDI,Uzbekistan,2010,exact_2010,Asia
CapeVerde,Cape Verde,CPV,internet_use,WDI,Cabo Verde,2010,exact_2010,Africa
Hungary,Hungary,HUN,internet_use,WDI,Hungary,2010,exact_2010,Europe
Latvia,Latvia,LVA,internet_use,WDI,Latvia,2010,exact_2010,Europe
Lithuania,Lithuania,LTU,internet_use,WDI,Lithuania,2010,exact_2010,Europe
Mongolia,Mongolia,MNG,internet_use,WDI,Mongolia,2010,exact_2010,Asia
Moldova,Moldova,MDA,internet_use,WDI,Moldova,2010,exact_2010,Europe
Ecuador,Ecuador,ECU,internet_use,WDI,Ecuador,2010,exact_2010,South America
DominicanRepublic,Dominican Republic,DOM,internet_use,WDI,Dominican Republic,2010,exact_2010,North America
Uruguay,Uruguay,URY,internet_use,WDI,Uruguay,2010,exact_2010,South America
CostaRica,Costa Rica,CRI,internet_use,WDI,Costa Rica,2010,exact_2010,North America
SouthAfrica,South Africa,ZAF,education_expenditure,WDI,South Africa,2010,exact_2010,Africa
Sudan,Sudan,SDN,education_expenditure,WDI,Sudan,2009,latest_available_before_2010,Africa
Afghanistan,Afghanistan,AFG,education_expenditure,WDI,Afghanistan,2010,exact_2010,Asia
"Congo,Republic","Congo, Republic",COG,education_expenditure,WDI,"Congo, Rep.",2010,exact_2010,Africa
Morocco,Morocco,MAR,education_expenditure,WDI,Morocco,2009,latest_available_before_2010,Africa
Burundi,Burundi,BDI,education_expenditure,WDI,Burundi,2010,exact_2010,Africa
Kenya,Kenya,KEN,education_expenditure,WDI,Kenya,2010,exact_2010,Africa
CzechRepublic,Czech Republic,CZE,education_expenditure,WDI,Czechia,2010,exact_2010,Europe
"Korea,South","Korea, South",KOR,education_expenditure,WDI,"Korea, Rep.",1999,latest_available_before_2010,Asia
Cameroon,Cameroon,CMR,education_expenditure,WDI,Cameroon,2010,exact_2010,Africa
Senegal,Senegal,SEN,education_expenditure,WDI,Senegal,2010,exact_2010,Africa
Ghana,Ghana,GHA,education_expenditure,WDI,Ghana,2010,exact_2010,Africa
Canada,Canada,CAN,education_expenditure,WDI,Canada,2010,exact_2010,North America
Turkey,Turkey,TUR,education_expenditure,WDI,Turkiye,1998,latest_available_before_2010,Asia
Zimbabwe,Zimbabwe,ZWE,education_expenditure,WDI,Zimbabwe,2010,exact_2010,Africa
Rwanda,Rwanda,RWA,education_expenditure,WDI,Rwanda,2010,exact_2010,Africa
Netherlands,Netherlands,NLD,education_expenditure,WDI,Netherlands,2010,exact_2010,Europe
Nigeria,Nigeria,NGA,education_expenditure,WDI,Nigeria,1975,latest_available_before_2010,Africa
Albania,Albania,ALB,education_expenditure,WDI,Albania,2007,latest_available_before_2010,Europe
France,France,FRA,education_expenditure,WDI,France,1998,latest_available_before_2010,Europe
USSR,USSR,RUS,education_expenditure,WDI,Russian Federation,2010,exact_2010,Europe
Australia,Australia,AUS,education_expenditure,WDI,Australia,1994,latest_available_before_2010,Oceania
UnitedKingdom,United Kingdom,GBR,education_expenditure,WDI,United Kingdom,2010,exact_2010,Europe
Ethiopia,Ethiopia,ETH,education_expenditure,WDI,Ethiopia,2010,exact_2010,Africa
Syria,Syria,SYR,education_expenditure,WDI,Syrian Arab Republic,2009,latest_available_before_2010,Asia
Egypt,Egypt,EGY,education_expenditure,WDI,"Egypt, Arab Rep.",2008,latest_available_before_2010,Africa
Eritrea,Eritrea,ERI,education_expenditure,WDI,Eritrea,2006,latest_available_before_2010,Africa
Iran,Iran,IRN,education_expenditure,WDI,"Iran, Islamic Rep.",2010,exact_2010,Asia
Algeria,Algeria,DZA,education_expenditure,WDI,Algeria,2010,exact_2010,Africa
Lebanon,Lebanon,LBN,education_expenditure,WDI,Lebanon,2010,exact_2010,Asia
Iraq,Iraq,IRQ,education_expenditure,WDI,Iraq,1989,latest_available_before_2010,Asia
Libya,Libya,LBY,education_expenditure,WDI,Libya,1999,latest_available_before_2010,Africa
UnitedStates,United States,USA,education_expenditure,WDI,United States,2015,earliest_available_after_2010,North America
Israel,Israel,ISR,education_expenditure,WDI,Israel,2010,exact_2010,Asia
Kuwait,Kuwait,KWT,education_expenditure,WDI,Kuwait,2006,latest_available_before_2010,Asia
Tunisia,Tunisia,TUN,education_expenditure,WDI,Tunisia,2010,exact_2010,Africa
SaudiArabia,Saudi Arabia,SAU,education_expenditure,WDI,Saudi Arabia,2008,latest_available_before_2010,Asia
Greece,Greece,GRC,education_expenditure,WDI,Greece,2005,latest_available_before_2010,Europe
Belgium,Belgium,BEL,education_expenditure,WDI,Belgium,2010,exact_2010,Europe
Germany,Germany,DEU,education_expenditure,WDI,Germany,2010,exact_2010,Europe
Togo,Togo,TGO,education_expenditure,WDI,Togo,2010,exact_2010,Africa
Spain,Spain,ESP,education_expenditure,WDI,Spain,2010,exact_2010,Europe
India,India,IND,education_expenditure,WDI,India,2010,exact_2010,Asia
Aruba,Aruba,ABW,education_expenditure,WDI,Aruba,2010,exact_2010,
Iceland,Iceland,ISL,education_expenditure,WDI,Iceland,2010,exact_2010,Europe
Switzerland,Switzerland,CHE,education_expenditure,WDI,Switzerland,2010,exact_2010,Europe
ElSalvador,El Salvador,SLV,education_expenditure,WDI,El Salvador,2010,exact_2010,North America
Somalia,Somalia,SOM,education_expenditure,WDI,"Somalia, Fed. Rep.",1973,latest_available_before_2010,Africa
Tanzania,Tanzania,TZA,education_expenditure,WDI,Tanzania,2010,exact_2010,Africa
Mozambique,Mozambique,MOZ,education_expenditure,WDI,Mozambique,2010,exact_2010,Africa
China,China,CHN,education_expenditure,WDI,China,1999,latest_available_before_2010,Asia
Sweden,Sweden,SWE,education_expenditure,WDI,Sweden,2010,exact_2010,Europe
Azerbaijan,Azerbaijan,AZE,education_expenditure,WDI,Azerbaijan,2010,exact_2010,Asia
Armenia,Armenia,ARM,education_expenditure,WDI,Armenia,2010,exact_2010,Asia
Georgia,Georgia,GEO,education_expenditure,WDI,Georgia,2010,exact_2010,Asia
Ukraine,Ukraine,UKR,education_expenditure,WDI,Ukraine,2009,latest_available_before_2010,Europe
Argentina,Argentina,ARG,education_expenditure,WDI,Argentina,2010,exact_2010,South America
Bangladesh,Bangladesh,BGD,education_expenditure,WDI,Bangladesh,2009,latest_available_before_2010,Asia
Pakistan,Pakistan,PAK,education_expenditure,WDI,Pakistan,2010,exact_2010,Asia
Indonesia,Indonesia,IDN,education_expenditure,WDI,Indonesia,2010,exact_2010,Asia
BosniaandHerzegovina,Bosniaand Herzegovina,BIH,education_expenditure,WDI,Bosnia and Herzegovina,2014,earliest_available_after_2010,Europe
Slovenia,Slovenia,SVN,education_expenditure,WDI,Slovenia,2010,exact_2010,Europe
Bulgaria,Bulgaria,BGR,education_expenditure,WDI,Bulgaria,2010,exact_2010,Europe
Norway,Norway,NOR,education_expenditure,WDI,Norway,2010,exact_2010,Europe
Denmark,Denmark,DNK,education_expenditure,WDI,Denmark,2010,exact_2010,Europe
Belarus,Belarus,BLR,education_expenditure,WDI,Belarus,2010,exact_2010,Europe
Finland,Finland,FIN,education_expenditure,WDI,Finland,2010,exact_2010,Europe
Vietnam,Vietnam,VNM,education_expenditure,WDI,Viet Nam,2010,exact_2010,Asia
HongKong,Hong Kong,HKG,education_expenditure,WDI,"Hong Kong SAR, China",2010,exact_2010,Asia
Malaysia,Malaysia,MYS,education_expenditure,WDI,Malaysia,2010,exact_2010,Asia
Singapore,Singapore,SGP,education_expenditure,WDI,Singapore,2010,exact_2010,Asia
Thailand,Thailand,THA,education_expenditure,WDI,Thailand,2010,exact_2010,Asia
Croatia,Croatia,HRV,education_expenditure,WDI,Croatia,2010,exact_2010,Europe
Romania,Romania,ROU,education_expenditure,WDI,Romania,2010,exact_2010,Europe
Austria,Austria,AUT,education_expenditure,WDI,Austria,2010,exact_2010,Europe
Slovakia,Slovakia,SVK,education_expenditure,WDI,Slovak Republic,2010,exact_2010,Europe
Italy,Italy,ITA,education_expenditure,WDI,Italy,2010,exact_2010,Europe
Philippines,Philippines,PHL,education_expenditure,WDI,Philippines,2009,latest_available_before_2010,Asia
Chile,Chile,CHL,education_expenditure,WDI,Chile,2010,exact_2010,South America
Japan,Japan,JPN,education_expenditure,WDI,Japan,2010,exact_2010,Asia
NewZealand,New Zealand,NZL,education_expenditure,WDI,New Zealand,2000,latest_available_before_2010,Oceania
Guyana,Guyana,GUY,education_expenditure,WDI,Guyana,2010,exact_2010,South America
Cuba,Cuba,CUB,education_expenditure,WDI,Cuba,2010,exact_2010,North America
Bolivia,Bolivia,BOL,education_expenditure,WDI,Bolivia,2010,exact_2010,South America
Nepal,Nepal,NPL,education_expenditure,WDI,Nepal,2010,exact_2010,Asia
Venezuela,Venezuela,VEN,education_expenditure,WDI,"Venezuela, RB",2009,latest_available_before_2010,South America
Angola,Angola,AGO,education_expenditure,WDI,Angola,2010,exact_2010,Africa
Ireland,Ireland,IRL,education_expenditure,WDI,Ireland,2010,exact_2010,Europe
Malta,Malta,MLT,education_expenditure,WDI,Malta,2010,exact_2010,Europe
Poland,Poland,POL,education_expenditure,WDI,Poland,2010,exact_2010,Europe
Brazil,Brazil,BRA,education_expenditure,WDI,Brazil,2010,exact_2010,South America
Guatemala,Guatemala,GTM,education_expenditure,WDI,Guatemala,2010,exact_2010,North America
SierraLeone,Sierra Leone,SLE,education_expenditure,WDI,Sierra Leone,2010,exact_2010,Africa
Nicaragua,Nicaragua,NIC,education_expenditure,WDI,Nicaragua,2010,exact_2010,North America
Mexico,Mexico,MEX,education_expenditure,WDI,Mexico,2010,exact_2010,North America
Peru,Peru,PER,education_expenditure,WDI,Peru,2010,exact_2010,South America
Portugal,Portugal,PRT,education_expenditure,WDI,Portugal,2010,exact_2010,Europe
Estonia,Estonia,EST,education_expenditure,WDI,Estonia,2010,exact_2010,Europe
"Congo,DemocraticRepublicofthe","Congo, Democratic Republicofthe",COD,education_expenditure,WDI,"Congo, Dem. Rep.",2010,exact_2010,Africa
Coted'Ivoire,Coted'Ivoire,CIV,education_expenditure,WDI,Cote d'Ivoire,2010,exact_2010,Africa
Guinea,Guinea,GIN,education_expenditure,WDI,Guinea,2010,exact_2010,Africa
Colombia,Colombia,COL,education_expenditure,WDI,Colombia,2010,exact_2010,South America
Kazakhstan,Kazakhstan,KAZ,education_expenditure,WDI,Kazakhstan,2010,exact_2010,Asia
Uzbekistan,Uzbekistan,UZB,education_expenditure,WDI,Uzbekistan,2013,earliest_available_after_2010,Asia
CapeVerde,Cape Verde,CPV,education_expenditure,WDI,Cabo Verde,2010,exact_2010,Africa
Hungary,Hungary,HUN,education_expenditure,WDI,Hungary,2010,exact_2010,Europe
Latvia,Latvia,LVA,education_expenditure,WDI,Latvia,2010,exact_2010,Europe
Lithuania,Lithuania,LTU,education_expenditure,WDI,Lithuania,2010,exact_2010,Europe
Mongolia,Mongolia,MNG,education_expenditure,WDI,Mongolia,2010,exact_2010,Asia
Moldova,Moldova,MDA,education_expenditure,WDI,Moldova,2010,exact_2010,Europe
Ecuador,Ecuador,ECU,education_expenditure,WDI,Ecuador,2010,exact_2010,South America
DominicanRepublic,Dominican Republic,DOM,education_expenditure,WDI,Dominican Republic,2010,exact_2010,North America
Uruguay,Uruguay,URY,education_expenditure,WDI,Uruguay,2006,latest_available_before_2010,South America
CostaRica,Costa Rica,CRI,education_expenditure,WDI,Costa Rica,2010,exact_2010,North America
SouthAfrica,South Africa,ZAF,tertiary_enrolment,WDI,South Africa,1994,latest_available_before_2010,Africa
Sudan,Sudan,SDN,tertiary_enrolment,WDI,Sudan,2010,exact_2010,Africa
Afghanistan,Afghanistan,AFG,tertiary_enrolment,WDI,Afghanistan,2009,latest_available_before_2010,Asia
"Congo,Republic","Congo, Republic",COG,tertiary_enrolment,WDI,"Congo, Rep.",2009,latest_available_before_2010,Africa
Morocco,Morocco,MAR,tertiary_enrolment,WDI,Morocco,2010,exact_2010,Africa
Burundi,Burundi,BDI,tertiary_enrolment,WDI,Burundi,2010,exact_2010,Africa
Kenya,Kenya,KEN,tertiary_enrolment,WDI,Kenya,2009,latest_available_before_2010,Africa
CzechRepublic,Czech Republic,CZE,tertiary_enrolment,WDI,Czechia,2010,exact_2010,Europe
"Korea,South","Korea, South",KOR,tertiary_enrolment,WDI,"Korea, Rep.",2010,exact_2010,Asia
Cameroon,Cameroon,CMR,tertiary_enrolment,WDI,Cameroon,2010,exact_2010,Africa
Senegal,Senegal,SEN,tertiary_enrolment,WDI,Senegal,2010,exact_2010,Africa
Ghana,Ghana,GHA,tertiary_enrolment,WDI,Ghana,2009,latest_available_before_2010,Africa
Canada,Canada,CAN,tertiary_enrolment,WDI,Canada,2010,exact_2010,North America
Turkey,Turkey,TUR,tertiary_enrolment,WDI,Turkiye,2010,exact_2010,Asia
Zimbabwe,Zimbabwe,ZWE,tertiary_enrolment,WDI,Zimbabwe,2010,exact_2010,Africa
Rwanda,Rwanda,RWA,tertiary_enrolment,WDI,Rwanda,2010,exact_2010,Africa
Netherlands,Netherlands,NLD,tertiary_enrolment,WDI,Netherlands,2010,exact_2010,Europe
Nigeria,Nigeria,NGA,tertiary_enrolment,WDI,Nigeria,2010,exact_2010,Africa
Albania,Albania,ALB,tertiary_enrolment,WDI,Albania,2010,exact_2010,Europe
France,France,FRA,tertiary_enrolment,WDI,France,2010,exact_2010,Europe
USSR,USSR,RUS,tertiary_enrolment,WDI,Russian Federation,2009,latest_available_before_2010,Europe
Australia,Australia,AUS,tertiary_enrolment,WDI,Australia,2015,earliest_available_after_2010,Oceania
UnitedKingdom,United Kingdom,GBR,tertiary_enrolment,WDI,United Kingdom,2010,exact_2010,Europe
Ethiopia,Ethiopia,ETH,tertiary_enrolment,WDI,Ethiopia,2010,exact_2010,Africa
Syria,Syria,SYR,tertiary_enrolment,WDI,Syrian Arab Republic,2010,exact_2010,Asia
Egypt,Egypt,EGY,tertiary_enrolment,WDI,"Egypt, Arab Rep.",2010,exact_2010,Africa
Eritrea,Eritrea,ERI,tertiary_enrolment,WDI,Eritrea,2010,exact_2010,Africa
Iran,Iran,IRN,tertiary_enrolment,WDI,"Iran, Islamic Rep.",2010,exact_2010,Asia
Algeria,Algeria,DZA,tertiary_enrolment,WDI,Algeria,2010,exact_2010,Africa
Lebanon,Lebanon,LBN,tertiary_enrolment,WDI,Lebanon,2010,exact_2010,Asia
Iraq,Iraq,IRQ,tertiary_enrolment,WDI,Iraq,2005,latest_available_before_2010,Asia
Libya,Libya,LBY,tertiary_enrolment,WDI,Libya,2003,latest_available_before_2010,Africa
UnitedStates,United States,USA,tertiary_enrolment,WDI,United States,2005,latest_available_before_2010,North America
Israel,Israel,ISR,tertiary_enrolment,WDI,Israel,2010,exact_2010,Asia
Kuwait,Kuwait,KWT,tertiary_enrolment,WDI,Kuwait,2004,latest_available_before_2010,Asia
Tunisia,Tunisia,TUN,tertiary_enrolment,WDI,Tunisia,2010,exact_2010,Africa
SaudiArabia,Saudi Arabia,SAU,tertiary_enrolment,WDI,Saudi Arabia,2010,exact_2010,Asia
Greece,Greece,GRC,tertiary_enrolment,WDI,Greece,2010,exact_2010,Europe
Belgium,Belgium,BEL,tertiary_enrolment,WDI,Belgium,2010,exact_2010,Europe
Germany,Germany,DEU,tertiary_enrolment,WDI,Germany,2013,earliest_available_after_2010,Europe
Togo,Togo,TGO,tertiary_enrolment,WDI,Togo,2010,exact_2010,Africa
Spain,Spain,ESP,tertiary_enrolment,WDI,Spain,2010,exact_2010,Europe
India,India,IND,tertiary_enrolment,WDI,India,2010,exact_2010,Asia
Aruba,Aruba,ABW,tertiary_enrolment,WDI,Aruba,2010,exact_2010,
Iceland,Iceland,ISL,tertiary_enrolment,WDI,Iceland,2010,exact_2010,Europe
Switzerland,Switzerland,CHE,tertiary_enrolment,WDI,Switzerland,2010,exact_2010,Europe
ElSalvador,El Salvador,SLV,tertiary_enrolment,WDI,El Salvador,2010,exact_2010,North America
Somalia,Somalia,SOM,tertiary_enrolment,WDI,"Somalia, Fed. Rep.",1987,latest_available_before_2010,Africa
Tanzania,Tanzania,TZA,tertiary_enrolment,WDI,Tanzania,2010,exact_2010,Africa
Mozambique,Mozambique,MOZ,tertiary_enrolment,WDI,Mozambique,2010,exact_2010,Africa
China,China,CHN,tertiary_enrolment,WDI,China,2010,exact_2010,Asia
Sweden,Sweden,SWE,tertiary_enrolment,WDI,Sweden,2010,exact_2010,Europe
Azerbaijan,Azerbaijan,AZE,tertiary_enrolment,WDI,Azerbaijan,2010,exact_2010,Asia
Armenia,Armenia,ARM,tertiary_enrolment,WDI,Armenia,2010,exact_2010,Asia
Georgia,Georgia,GEO,tertiary_enrolment,WDI,Georgia,2010,exact_2010,Asia
Ukraine,Ukraine,UKR,tertiary_enrolment,WDI,Ukraine,2010,exact_2010,Europe
Argentina,Argentina,ARG,tertiary_enrolment,WDI,Argentina,2010,exact_2010,South America
Bangladesh,Bangladesh,BGD,tertiary_enrolment,WDI,Bangladesh,2009,latest_available_before_2010,Asia
Pakistan,Pakistan,PAK,tertiary_enrolment,WDI,Pakistan,2010,exact_2010,Asia
Indonesia,Indonesia,IDN,tertiary_enrolment,WDI,Indonesia,2010,exact_2010,Asia
BosniaandHerzegovina,Bosniaand Herzegovina,BIH,tertiary_enrolment,WDI,Bosnia and Herzegovina,2010,exact_2010,Europe
Slovenia,Slovenia,SVN,tertiary_enrolment,WDI,Slovenia,2010,exact_2010,Europe
Bulgaria,Bulgaria,BGR,tertiary_enrolment,WDI,Bulgaria,2010,exact_2010,Europe
Norway,Norway,NOR,tertiary_enrolment,WDI,Norway,2010,exact_2010,Europe
Denmark,Denmark,DNK,tertiary_enrolment,WDI,Denmark,2010,exact_2010,Europe
Belarus,Belarus,BLR,tertiary_enrolment,WDI,Belarus,2010,exact_2010,Europe
Finland,Finland,FIN,tertiary_enrolment,WDI,Finland,2010,exact_2010,Europe
Vietnam,Vietnam,VNM,tertiary_enrolment,WDI,Viet Nam,2010,exact_2010,Asia
HongKong,Hong Kong,HKG,tertiary_enrolment,WDI,"Hong Kong SAR, China",2010,exact_2010,Asia
Malaysia,Malaysia,MYS,tertiary_enrolment,WDI,Malaysia,2010,exact_2010,Asia
Singapore,Singapore,SGP,tertiary_enrolment,WDI,Singapore,2010,exact_2010,Asia
Thailand,Thailand,THA,tertiary_enrolment,WDI,Thailand,2010,exact_2010,Asia
Croatia,Croatia,HRV,tertiary_enrolment,WDI,Croatia,2010,exact_2010,Europe
Romania,Romania,ROU,tertiary_enrolment,WDI,Romania,2010,exact_2010,Europe
Austria,Austria,AUT,tertiary_enrolment,WDI,Austria,2010,exact_2010,Europe
Slovakia,Slovakia,SVK,tertiary_enrolment,WDI,Slovak Republic,2010,exact_2010,Europe
Italy,Italy,ITA,tertiary_enrolment,WDI,Italy,2010,exact_2010,Europe
Philippines,Philippines,PHL,tertiary_enrolment,WDI,Philippines,2010,exact_2010,Asia
Chile,Chile,CHL,tertiary_enrolment,WDI,Chile,2010,exact_2010,South America
Japan,Japan,JPN,tertiary_enrolment,WDI,Japan,2013,earliest_available_after_2010,Asia
NewZealand,New Zealand,NZL,tertiary_enrolment,WDI,New Zealand,2013,earliest_available_after_2010,Oceania
Guyana,Guyana,GUY,tertiary_enrolment,WDI,Guyana,2010,exact_2010,South America
Cuba,Cuba,CUB,tertiary_enrolment,WDI,Cuba,2010,exact_2010,North America
Nepal,Nepal,NPL,tertiary_enrolment,WDI,Nepal,2010,exact_2010,Asia
Venezuela,Venezuela,VEN,tertiary_enrolment,WDI,"Venezuela, RB",2009,latest_available_before_2010,South America
Angola,Angola,AGO,tertiary_enrolment,WDI,Angola,2006,latest_available_before_2010,Africa
Ireland,Ireland,IRL,tertiary_enrolment,WDI,Ireland,2010,exact_2010,Europe
Malta,Malta,MLT,tertiary_enrolment,WDI,Malta,2010,exact_2010,Europe
Poland,Poland,POL,tertiary_enrolment,WDI,Poland,2010,exact_2010,Europe
Brazil,Brazil,BRA,tertiary_enrolment,WDI,Brazil,2012,earliest_available_after_2010,South America
Guatemala,Guatemala,GTM,tertiary_enrolment,WDI,Guatemala,2010,exact_2010,North America
SierraLeone,Sierra Leone,SLE,tertiary_enrolment,WDI,Sierra Leone,2002,latest_available_before_2010,Africa
Nicaragua,Nicaragua,NIC,tertiary_enrolment,WDI,Nicaragua,2002,latest_available_before_2010,North America
Mexico,Mexico,MEX,tertiary_enrolment,WDI,Mexico,2010,exact_2010,North America
Peru,Peru,PER,tertiary_enrolment,WDI,Peru,2006,latest_available_before_2010,South America
Portugal,Portugal,PRT,tertiary_enrolment,WDI,Portugal,2015,earliest_available_after_2010,Europe
Estonia,Estonia,EST,tertiary_enrolment,WDI,Estonia,2010,exact_2010,Europe
"Congo,DemocraticRepublicofthe","Congo, Democratic Republicofthe",COD,tertiary_enrolment,WDI,"Congo, Dem. Rep.",2009,latest_available_before_2010,Africa
Coted'Ivoire,Coted'Ivoire,CIV,tertiary_enrolment,WDI,Cote d'Ivoire,2010,exact_2010,Africa
Guinea,Guinea,GIN,tertiary_enrolment,WDI,Guinea,2010,exact_2010,Africa
Colombia,Colombia,COL,tertiary_enrolment,WDI,Colombia,2010,exact_2010,South America
Kazakhstan,Kazakhstan,KAZ,tertiary_enrolment,WDI,Kazakhstan,2010,exact_2010,Asia
Uzbekistan,Uzbekistan,UZB,tertiary_enrolment,WDI,Uzbekistan,2010,exact_2010,Asia
CapeVerde,Cape Verde,CPV,tertiary_enrolment,WDI,Cabo Verde,2010,exact_2010,Africa
Hungary,Hungary,HUN,tertiary_enrolment,WDI,Hungary,2010,exact_2010,Europe
Latvia,Latvia,LVA,tertiary_enrolment,WDI,Latvia,2010,exact_2010,Europe
Lithuania,Lithuania,LTU,tertiary_enrolment,WDI,Lithuania,2010,exact_2010,Europe
Mongolia,Mongolia,MNG,tertiary_enrolment,WDI,Mongolia,2010,exact_2010,Asia
Moldova,Moldova,MDA,tertiary_enrolment,WDI,Moldova,2010,exact_2010,Europe
Ecuador,Ecuador,ECU,tertiary_enrolment,WDI,Ecuador,2008,latest_available_before_2010,South America
DominicanRepublic,Dominican Republic,DOM,tertiary_enrolment,WDI,Dominican Republic,2003,latest_available_before_2010,North America
Uruguay,Uruguay,URY,tertiary_enrolment,WDI,Uruguay,2010,exact_2010,South America
CostaRica,Costa Rica,CRI,tertiary_enrolment,WDI,Costa Rica,2004,latest_available_before_2010,North America
SouthAfrica,South Africa,ZAF,female_tertiary_enrolment,WDI,South Africa,1994,latest_available_before_2010,Africa
Sudan,Sudan,SDN,female_tertiary_enrolment,WDI,Sudan,2010,exact_2010,Africa
Afghanistan,Afghanistan,AFG,female_tertiary_enrolment,WDI,Afghanistan,2009,latest_available_before_2010,Asia
"Congo,Republic","Congo, Republic",COG,female_tertiary_enrolment,WDI,"Congo, Rep.",2009,latest_available_before_2010,Africa
Morocco,Morocco,MAR,female_tertiary_enrolment,WDI,Morocco,2010,exact_2010,Africa
Burundi,Burundi,BDI,female_tertiary_enrolment,WDI,Burundi,2010,exact_2010,Africa
Kenya,Kenya,KEN,female_tertiary_enrolment,WDI,Kenya,2009,latest_available_before_2010,Africa
CzechRepublic,Czech Republic,CZE,female_tertiary_enrolment,WDI,Czechia,2010,exact_2010,Europe
"Korea,South","Korea, South",KOR,female_tertiary_enrolment,WDI,"Korea, Rep.",2010,exact_2010,Asia
Cameroon,Cameroon,CMR,female_tertiary_enrolment,WDI,Cameroon,2010,exact_2010,Africa
Senegal,Senegal,SEN,female_tertiary_enrolment,WDI,Senegal,2010,exact_2010,Africa
Ghana,Ghana,GHA,female_tertiary_enrolment,WDI,Ghana,2009,latest_available_before_2010,Africa
Canada,Canada,CAN,female_tertiary_enrolment,WDI,Canada,2010,exact_2010,North America
Turkey,Turkey,TUR,female_tertiary_enrolment,WDI,Turkiye,2010,exact_2010,Asia
Zimbabwe,Zimbabwe,ZWE,female_tertiary_enrolment,WDI,Zimbabwe,2010,exact_2010,Africa
Rwanda,Rwanda,RWA,female_tertiary_enrolment,WDI,Rwanda,2010,exact_2010,Africa
Netherlands,Netherlands,NLD,female_tertiary_enrolment,WDI,Netherlands,2010,exact_2010,Europe
Nigeria,Nigeria,NGA,female_tertiary_enrolment,WDI,Nigeria,2010,exact_2010,Africa
Albania,Albania,ALB,female_tertiary_enrolment,WDI,Albania,2010,exact_2010,Europe
France,France,FRA,female_tertiary_enrolment,WDI,France,2010,exact_2010,Europe
USSR,USSR,RUS,female_tertiary_enrolment,WDI,Russian Federation,2009,latest_available_before_2010,Europe
Australia,Australia,AUS,female_tertiary_enrolment,WDI,Australia,2015,earliest_available_after_2010,Oceania
UnitedKingdom,United Kingdom,GBR,female_tertiary_enrolment,WDI,United Kingdom,2010,exact_2010,Europe
Ethiopia,Ethiopia,ETH,female_tertiary_enrolment,WDI,Ethiopia,2010,exact_2010,Africa
Syria,Syria,SYR,female_tertiary_enrolment,WDI,Syrian Arab Republic,2010,exact_2010,Asia
Egypt,Egypt,EGY,female_tertiary_enrolment,WDI,"Egypt, Arab Rep.",2010,exact_2010,Africa
Eritrea,Eritrea,ERI,female_tertiary_enrolment,WDI,Eritrea,2010,exact_2010,Africa
Iran,Iran,IRN,female_tertiary_enrolment,WDI,"Iran, Islamic Rep.",2010,exact_2010,Asia
Algeria,Algeria,DZA,female_tertiary_enrolment,WDI,Algeria,2010,exact_2010,Africa
Lebanon,Lebanon,LBN,female_tertiary_enrolment,WDI,Lebanon,2010,exact_2010,Asia
Iraq,Iraq,IRQ,female_tertiary_enrolment,WDI,Iraq,2005,latest_available_before_2010,Asia
Libya,Libya,LBY,female_tertiary_enrolment,WDI,Libya,2003,latest_available_before_2010,Africa
UnitedStates,United States,USA,female_tertiary_enrolment,WDI,United States,2005,latest_available_before_2010,North America
Israel,Israel,ISR,female_tertiary_enrolment,WDI,Israel,2010,exact_2010,Asia
Kuwait,Kuwait,KWT,female_tertiary_enrolment,WDI,Kuwait,2004,latest_available_before_2010,Asia
Tunisia,Tunisia,TUN,female_tertiary_enrolment,WDI,Tunisia,2010,exact_2010,Africa
SaudiArabia,Saudi Arabia,SAU,female_tertiary_enrolment,WDI,Saudi Arabia,2010,exact_2010,Asia
Greece,Greece,GRC,female_tertiary_enrolment,WDI,Greece,2010,exact_2010,Europe
Belgium,Belgium,BEL,female_tertiary_enrolment,WDI,Belgium,2010,exact_2010,Europe
Germany,Germany,DEU,female_tertiary_enrolment,WDI,Germany,2013,earliest_available_after_2010,Europe
Togo,Togo,TGO,female_tertiary_enrolment,WDI,Togo,1998,latest_available_before_2010,Africa
Spain,Spain,ESP,female_tertiary_enrolment,WDI,Spain,2010,exact_2010,Europe
India,India,IND,female_tertiary_enrolment,WDI,India,2010,exact_2010,Asia
Aruba,Aruba,ABW,female_tertiary_enrolment,WDI,Aruba,2010,exact_2010,
Iceland,Iceland,ISL,female_tertiary_enrolment,WDI,Iceland,2010,exact_2010,Europe
Switzerland,Switzerland,CHE,female_tertiary_enrolment,WDI,Switzerland,2010,exact_2010,Europe
ElSalvador,El Salvador,SLV,female_tertiary_enrolment,WDI,El Salvador,2010,exact_2010,North America
Somalia,Somalia,SOM,female_tertiary_enrolment,WDI,"Somalia, Fed. Rep.",1987,latest_available_before_2010,Africa
Tanzania,Tanzania,TZA,female_tertiary_enrolment,WDI,Tanzania,2010,exact_2010,Africa
Mozambique,Mozambique,MOZ,female_tertiary_enrolment,WDI,Mozambique,2010,exact_2010,Africa
China,China,CHN,female_tertiary_enrolment,WDI,China,2010,exact_2010,Asia
Sweden,Sweden,SWE,female_tertiary_enrolment,WDI,Sweden,2010,exact_2010,Europe
Azerbaijan,Azerbaijan,AZE,female_tertiary_enrolment,WDI,Azerbaijan,2010,exact_2010,Asia
Armenia,Armenia,ARM,female_tertiary_enrolment,WDI,Armenia,2010,exact_2010,Asia
Georgia,Georgia,GEO,female_tertiary_enrolment,WDI,Georgia,2010,exact_2010,Asia
Ukraine,Ukraine,UKR,female_tertiary_enrolment,WDI,Ukraine,2010,exact_2010,Europe
Argentina,Argentina,ARG,female_tertiary_enrolment,WDI,Argentina,2010,exact_2010,South America
Bangladesh,Bangladesh,BGD,female_tertiary_enrolment,WDI,Bangladesh,2009,latest_available_before_2010,Asia
Pakistan,Pakistan,PAK,female_tertiary_enrolment,WDI,Pakistan,2010,exact_2010,Asia
Indonesia,Indonesia,IDN,female_tertiary_enrolment,WDI,Indonesia,2010,exact_2010,Asia
BosniaandHerzegovina,Bosniaand Herzegovina,BIH,female_tertiary_enrolment,WDI,Bosnia and Herzegovina,2010,exact_2010,Europe
Slovenia,Slovenia,SVN,female_tertiary_enrolment,WDI,Slovenia,2010,exact_2010,Europe
Bulgaria,Bulgaria,BGR,female_tertiary_enrolment,WDI,Bulgaria,2010,exact_2010,Europe
Norway,Norway,NOR,female_tertiary_enrolment,WDI,Norway,2010,exact_2010,Europe
Denmark,Denmark,DNK,female_tertiary_enrolment,WDI,Denmark,2010,exact_2010,Europe
Belarus,Belarus,BLR,female_tertiary_enrolment,WDI,Belarus,2010,exact_2010,Europe
Finland,Finland,FIN,female_tertiary_enrolment,WDI,Finland,2010,exact_2010,Europe
Vietnam,Vietnam,VNM,female_tertiary_enrolment,WDI,Viet Nam,2010,exact_2010,Asia
HongKong,Hong Kong,HKG,female_tertiary_enrolment,WDI,"Hong Kong SAR, China",2010,exact_2010,Asia
Malaysia,Malaysia,MYS,female_tertiary_enrolment,WDI,Malaysia,2010,exact_2010,Asia
Singapore,Singapore,SGP,female_tertiary_enrolment,WDI,Singapore,2010,exact_2010,Asia
Thailand,Thailand,THA,female_tertiary_enrolment,WDI,Thailand,2010,exact_2010,Asia
Croatia,Croatia,HRV,female_tertiary_enrolment,WDI,Croatia,2010,exact_2010,Europe
Romania,Romania,ROU,female_tertiary_enrolment,WDI,Romania,2010,exact_2010,Europe
Austria,Austria,AUT,female_tertiary_enrolment,WDI,Austria,2013,earliest_available_after_2010,Europe
Slovakia,Slovakia,SVK,female_tertiary_enrolment,WDI,Slovak Republic,2010,exact_2010,Europe
Italy,Italy,ITA,female_tertiary_enrolment,WDI,Italy,2010,exact_2010,Europe
Philippines,Philippines,PHL,female_tertiary_enrolment,WDI,Philippines,2010,exact_2010,Asia
Chile,Chile,CHL,female_tertiary_enrolment,WDI,Chile,2010,exact_2010,South America
Japan,Japan,JPN,female_tertiary_enrolment,WDI,Japan,2013,earliest_available_after_2010,Asia
NewZealand,New Zealand,NZL,female_tertiary_enrolment,WDI,New Zealand,2013,earliest_available_after_2010,Oceania
Guyana,Guyana,GUY,female_tertiary_enrolment,WDI,Guyana,2010,exact_2010,South America
Cuba,Cuba,CUB,female_tertiary_enrolment,WDI,Cuba,2010,exact_2010,North America
Nepal,Nepal,NPL,female_tertiary_enrolment,WDI,Nepal,2010,exact_2010,Asia
Venezuela,Venezuela,VEN,female_tertiary_enrolment,WDI,"Venezuela, RB",2008,latest_available_before_2010,South America
Angola,Angola,AGO,female_tertiary_enrolment,WDI,Angola,2002,latest_available_before_2010,Africa
Ireland,Ireland,IRL,female_tertiary_enrolment,WDI,Ireland,2010,exact_2010,Europe
Malta,Malta,MLT,female_tertiary_enrolment,WDI,Malta,2010,exact_2010,Europe
Poland,Poland,POL,female_tertiary_enrolment,WDI,Poland,2010,exact_2010,Europe
Brazil,Brazil,BRA,female_tertiary_enrolment,WDI,Brazil,2012,earliest_available_after_2010,South America
Guatemala,Guatemala,GTM,female_tertiary_enrolment,WDI,Guatemala,2010,exact_2010,North America
SierraLeone,Sierra Leone,SLE,female_tertiary_enrolment,WDI,Sierra Leone,2002,latest_available_before_2010,Africa
Nicaragua,Nicaragua,NIC,female_tertiary_enrolment,WDI,Nicaragua,2002,latest_available_before_2010,North America
Mexico,Mexico,MEX,female_tertiary_enrolment,WDI,Mexico,2010,exact_2010,North America
Peru,Peru,PER,female_tertiary_enrolment,WDI,Peru,2006,latest_available_before_2010,South America
Portugal,Portugal,PRT,female_tertiary_enrolment,WDI,Portugal,2015,earliest_available_after_2010,Europe
Estonia,Estonia,EST,female_tertiary_enrolment,WDI,Estonia,2010,exact_2010,Europe
"Congo,DemocraticRepublicofthe","Congo, Democratic Republicofthe",COD,female_tertiary_enrolment,WDI,"Congo, Dem. Rep.",2009,latest_available_before_2010,Africa
Coted'Ivoire,Coted'Ivoire,CIV,female_tertiary_enrolment,WDI,Cote d'Ivoire,2010,exact_2010,Africa
Guinea,Guinea,GIN,female_tertiary_enrolment,WDI,Guinea,2010,exact_2010,Africa
Colombia,Colombia,COL,female_tertiary_enrolment,WDI,Colombia,2010,exact_2010,South America
Kazakhstan,Kazakhstan,KAZ,female_tertiary_enrolment,WDI,Kazakhstan,2010,exact_2010,Asia
Uzbekistan,Uzbekistan,UZB,female_tertiary_enrolment,WDI,Uzbekistan,2010,exact_2010,Asia
CapeVerde,Cape Verde,CPV,female_tertiary_enrolment,WDI,Cabo Verde,2010,exact_2010,Africa
Hungary,Hungary,HUN,female_tertiary_enrolment,WDI,Hungary,2010,exact_2010,Europe
Latvia,Latvia,LVA,female_tertiary_enrolment,WDI,Latvia,2010,exact_2010,Europe
Lithuania,Lithuania,LTU,female_tertiary_enrolment,WDI,Lithuania,2010,exact_2010,Europe
Mongolia,Mongolia,MNG,female_tertiary_enrolment,WDI,Mongolia,2010,exact_2010,Asia
Moldova,Moldova,MDA,female_tertiary_enrolment,WDI,Moldova,2010,exact_2010,Europe
Ecuador,Ecuador,ECU,female_tertiary_enrolment,WDI,Ecuador,2008,latest_available_before_2010,South America
DominicanRepublic,Dominican Republic,DOM,female_tertiary_enrolment,WDI,Dominican Republic,2003,latest_available_before_2010,North America
Uruguay,Uruguay,URY,female_tertiary_enrolment,WDI,Uruguay,2006,latest_available_before_2010,South America
CostaRica,Costa Rica,CRI,female_tertiary_enrolment,WDI,Costa Rica,2004,latest_available_before_2010,North America
SouthAfrica,South Africa,ZAF,male_tertiary_enrolment,WDI,South Africa,1994,latest_available_before_2010,Africa
Sudan,Sudan,SDN,male_tertiary_enrolment,WDI,Sudan,2010,exact_2010,Africa
Afghanistan,Afghanistan,AFG,male_tertiary_enrolment,WDI,Afghanistan,2009,latest_available_before_2010,Asia
"Congo,Republic","Congo, Republic",COG,male_tertiary_enrolment,WDI,"Congo, Rep.",2009,latest_available_before_2010,Africa
Morocco,Morocco,MAR,male_tertiary_enrolment,WDI,Morocco,2010,exact_2010,Africa
Burundi,Burundi,BDI,male_tertiary_enrolment,WDI,Burundi,2010,exact_2010,Africa
Kenya,Kenya,KEN,male_tertiary_enrolment,WDI,Kenya,2009,latest_available_before_2010,Africa
CzechRepublic,Czech Republic,CZE,male_tertiary_enrolment,WDI,Czechia,2010,exact_2010,Europe
"Korea,South","Korea, South",KOR,male_tertiary_enrolment,WDI,"Korea, Rep.",2010,exact_2010,Asia
Cameroon,Cameroon,CMR,male_tertiary_enrolment,WDI,Cameroon,2010,exact_2010,Africa
Senegal,Senegal,SEN,male_tertiary_enrolment,WDI,Senegal,2010,exact_2010,Africa
Ghana,Ghana,GHA,male_tertiary_enrolment,WDI,Ghana,2009,latest_available_before_2010,Africa
Canada,Canada,CAN,male_tertiary_enrolment,WDI,Canada,2010,exact_2010,North America
Turkey,Turkey,TUR,male_tertiary_enrolment,WDI,Turkiye,2010,exact_2010,Asia
Zimbabwe,Zimbabwe,ZWE,male_tertiary_enrolment,WDI,Zimbabwe,2010,exact_2010,Africa
Rwanda,Rwanda,RWA,male_tertiary_enrolment,WDI,Rwanda,2010,exact_2010,Africa
Netherlands,Netherlands,NLD,male_tertiary_enrolment,WDI,Netherlands,2010,exact_2010,Europe
Nigeria,Nigeria,NGA,male_tertiary_enrolment,WDI,Nigeria,2010,exact_2010,Africa
Albania,Albania,ALB,male_tertiary_enrolment,WDI,Albania,2010,exact_2010,Europe
France,France,FRA,male_tertiary_enrolment,WDI,France,2010,exact_2010,Europe
USSR,USSR,RUS,male_tertiary_enrolment,WDI,Russian Federation,2009,latest_available_before_2010,Europe
Australia,Australia,AUS,male_tertiary_enrolment,WDI,Australia,2015,earliest_available_after_2010,Oceania
UnitedKingdom,United Kingdom,GBR,male_tertiary_enrolment,WDI,United Kingdom,2010,exact_2010,Europe
Ethiopia,Ethiopia,ETH,male_tertiary_enrolment,WDI,Ethiopia,2010,exact_2010,Africa
Syria,Syria,SYR,male_tertiary_enrolment,WDI,Syrian Arab Republic,2010,exact_2010,Asia
Egypt,Egypt,EGY,male_tertiary_enrolment,WDI,"Egypt, Arab Rep.",2010,exact_2010,Africa
Eritrea,Eritrea,ERI,male_tertiary_enrolment,WDI,Eritrea,2010,exact_2010,Africa
Iran,Iran,IRN,male_tertiary_enrolment,WDI,"Iran, Islamic Rep.",2010,exact_2010,Asia
Algeria,Algeria,DZA,male_tertiary_enrolment,WDI,Algeria,2010,exact_2010,Africa
Lebanon,Lebanon,LBN,male_tertiary_enrolment,WDI,Lebanon,2010,exact_2010,Asia
Iraq,Iraq,IRQ,male_tertiary_enrolment,WDI,Iraq,2005,latest_available_before_2010,Asia
Libya,Libya,LBY,male_tertiary_enrolment,WDI,Libya,2003,latest_available_before_2010,Africa
UnitedStates,United States,USA,male_tertiary_enrolment,WDI,United States,2005,latest_available_before_2010,North America
Israel,Israel,ISR,male_tertiary_enrolment,WDI,Israel,2010,exact_2010,Asia
Kuwait,Kuwait,KWT,male_tertiary_enrolment,WDI,Kuwait,2004,latest_available_before_2010,Asia
Tunisia,Tunisia,TUN,male_tertiary_enrolment,WDI,Tunisia,2010,exact_2010,Africa
SaudiArabia,Saudi Arabia,SAU,male_tertiary_enrolment,WDI,Saudi Arabia,2010,exact_2010,Asia
Greece,Greece,GRC,male_tertiary_enrolment,WDI,Greece,2010,exact_2010,Europe
Belgium,Belgium,BEL,male_tertiary_enrolment,WDI,Belgium,2010,exact_2010,Europe
Germany,Germany,DEU,male_tertiary_enrolment,WDI,Germany,2013,earliest_available_after_2010,Europe
Togo,Togo,TGO,male_tertiary_enrolment,WDI,Togo,1998,latest_available_before_2010,Africa
Spain,Spain,ESP,male_tertiary_enrolment,WDI,Spain,2010,exact_2010,Europe
India,India,IND,male_tertiary_enrolment,WDI,India,2010,exact_2010,Asia
Aruba,Aruba,ABW,male_tertiary_enrolment,WDI,Aruba,2010,exact_2010,
Iceland,Iceland,ISL,male_tertiary_enrolment,WDI,Iceland,2010,exact_2010,Europe
Switzerland,Switzerland,CHE,male_tertiary_enrolment,WDI,Switzerland,2010,exact_2010,Europe
ElSalvador,El Salvador,SLV,male_tertiary_enrolment,WDI,El Salvador,2010,exact_2010,North America
Somalia,Somalia,SOM,male_tertiary_enrolment,WDI,"Somalia, Fed. Rep.",1987,latest_available_before_2010,Africa
Tanzania,Tanzania,TZA,male_tertiary_enrolment,WDI,Tanzania,2010,exact_2010,Africa
Mozambique,Mozambique,MOZ,male_tertiary_enrolment,WDI,Mozambique,2010,exact_2010,Africa
China,China,CHN,male_tertiary_enrolment,WDI,China,2010,exact_2010,Asia
Sweden,Sweden,SWE,male_tertiary_enrolment,WDI,Sweden,2010,exact_2010,Europe
Azerbaijan,Azerbaijan,AZE,male_tertiary_enrolment,WDI,Azerbaijan,2010,exact_2010,Asia
Armenia,Armenia,ARM,male_tertiary_enrolment,WDI,Armenia,2010,exact_2010,Asia
Georgia,Georgia,GEO,male_tertiary_enrolment,WDI,Georgia,2010,exact_2010,Asia
Ukraine,Ukraine,UKR,male_tertiary_enrolment,WDI,Ukraine,2010,exact_2010,Europe
Argentina,Argentina,ARG,male_tertiary_enrolment,WDI,Argentina,2010,exact_2010,South America
Bangladesh,Bangladesh,BGD,male_tertiary_enrolment,WDI,Bangladesh,2009,latest_available_before_2010,Asia
Pakistan,Pakistan,PAK,male_tertiary_enrolment,WDI,Pakistan,2010,exact_2010,Asia
Indonesia,Indonesia,IDN,male_tertiary_enrolment,WDI,Indonesia,2010,exact_2010,Asia
BosniaandHerzegovina,Bosniaand Herzegovina,BIH,male_tertiary_enrolment,WDI,Bosnia and Herzegovina,2010,exact_2010,Europe
Slovenia,Slovenia,SVN,male_tertiary_enrolment,WDI,Slovenia,2010,exact_2010,Europe
Bulgaria,Bulgaria,BGR,male_tertiary_enrolment,WDI,Bulgaria,2010,exact_2010,Europe
Norway,Norway,NOR,male_tertiary_enrolment,WDI,Norway,2010,exact_2010,Europe
Denmark,Denmark,DNK,male_tertiary_enrolment,WDI,Denmark,2010,exact_2010,Europe
Belarus,Belarus,BLR,male_tertiary_enrolment,WDI,Belarus,2010,exact_2010,Europe
Finland,Finland,FIN,male_tertiary_enrolment,WDI,Finland,2010,exact_2010,Europe
Vietnam,Vietnam,VNM,male_tertiary_enrolment,WDI,Viet Nam,2010,exact_2010,Asia
HongKong,Hong Kong,HKG,male_tertiary_enrolment,WDI,"Hong Kong SAR, China",2010,exact_2010,Asia
Malaysia,Malaysia,MYS,male_tertiary_enrolment,WDI,Malaysia,2010,exact_2010,Asia
Singapore,Singapore,SGP,male_tertiary_enrolment,WDI,Singapore,2010,exact_2010,Asia
Thailand,Thailand,THA,male_tertiary_enrolment,WDI,Thailand,2010,exact_2010,Asia
Croatia,Croatia,HRV,male_tertiary_enrolment,WDI,Croatia,2010,exact_2010,Europe
Romania,Romania,ROU,male_tertiary_enrolment,WDI,Romania,2010,exact_2010,Europe
Austria,Austria,AUT,male_tertiary_enrolment,WDI,Austria,2013,earliest_available_after_2010,Europe
Slovakia,Slovakia,SVK,male_tertiary_enrolment,WDI,Slovak Republic,2010,exact_2010,Europe
Italy,Italy,ITA,male_tertiary_enrolment,WDI,Italy,2010,exact_2010,Europe
Philippines,Philippines,PHL,male_tertiary_enrolment,WDI,Philippines,2010,exact_2010,Asia
Chile,Chile,CHL,male_tertiary_enrolment,WDI,Chile,2010,exact_2010,South America
Japan,Japan,JPN,male_tertiary_enrolment,WDI,Japan,2013,earliest_available_after_2010,Asia
NewZealand,New Zealand,NZL,male_tertiary_enrolment,WDI,New Zealand,2013,earliest_available_after_2010,Oceania
Guyana,Guyana,GUY,male_tertiary_enrolment,WDI,Guyana,2010,exact_2010,South America
Cuba,Cuba,CUB,male_tertiary_enrolment,WDI,Cuba,2010,exact_2010,North America
Nepal,Nepal,NPL,male_tertiary_enrolment,WDI,Nepal,2010,exact_2010,Asia
Venezuela,Venezuela,VEN,male_tertiary_enrolment,WDI,"Venezuela, RB",2008,latest_available_before_2010,South America
Angola,Angola,AGO,male_tertiary_enrolment,WDI,Angola,2002,latest_available_before_2010,Africa
Ireland,Ireland,IRL,male_tertiary_enrolment,WDI,Ireland,2010,exact_2010,Europe
Malta,Malta,MLT,male_tertiary_enrolment,WDI,Malta,2010,exact_2010,Europe
Poland,Poland,POL,male_tertiary_enrolment,WDI,Poland,2010,exact_2010,Europe
Brazil,Brazil,BRA,male_tertiary_enrolment,WDI,Brazil,2012,earliest_available_after_2010,South America
Guatemala,Guatemala,GTM,male_tertiary_enrolment,WDI,Guatemala,2010,exact_2010,North America
SierraLeone,Sierra Leone,SLE,male_tertiary_enrolment,WDI,Sierra Leone,2002,latest_available_before_2010,Africa
Nicaragua,Nicaragua,NIC,male_tertiary_enrolment,WDI,Nicaragua,2002,latest_available_before_2010,North America
Mexico,Mexico,MEX,male_tertiary_enrolment,WDI,Mexico,2010,exact_2010,North America
Peru,Peru,PER,male_tertiary_enrolment,WDI,Peru,2006,latest_available_before_2010,South America
Portugal,Portugal,PRT,male_tertiary_enrolment,WDI,Portugal,2015,earliest_available_after_2010,Europe
Estonia,Estonia,EST,male_tertiary_enrolment,WDI,Estonia,2010,exact_2010,Europe
"Congo,DemocraticRepublicofthe","Congo, Democratic Republicofthe",COD,male_tertiary_enrolment,WDI,"Congo, Dem. Rep.",2009,latest_available_before_2010,Africa
Coted'Ivoire,Coted'Ivoire,CIV,male_tertiary_enrolment,WDI,Cote d'Ivoire,2010,exact_2010,Africa
Guinea,Guinea,GIN,male_tertiary_enrolment,WDI,Guinea,2010,exact_2010,Africa
Colombia,Colombia,COL,male_tertiary_enrolment,WDI,Colombia,2010,exact_2010,South America
Kazakhstan,Kazakhstan,KAZ,male_tertiary_enrolment,WDI,Kazakhstan,2010,exact_2010,Asia
Uzbekistan,Uzbekistan,UZB,male_tertiary_enrolment,WDI,Uzbekistan,2010,exact_2010,Asia
CapeVerde,Cape Verde,CPV,male_tertiary_enrolment,WDI,Cabo Verde,2010,exact_2010,Africa
Hungary,Hungary,HUN,male_tertiary_enrolment,WDI,Hungary,2010,exact_2010,Europe
Latvia,Latvia,LVA,male_tertiary_enrolment,WDI,Latvia,2010,exact_2010,Europe
Lithuania,Lithuania,LTU,male_tertiary_enrolment,WDI,Lithuania,2010,exact_2010,Europe
Mongolia,Mongolia,MNG,male_tertiary_enrolment,WDI,Mongolia,2010,exact_2010,Asia
Moldova,Moldova,MDA,male_tertiary_enrolment,WDI,Moldova,2010,exact_2010,Europe
Ecuador,Ecuador,ECU,male_tertiary_enrolment,WDI,Ecuador,2008,latest_available_before_2010,South America
DominicanRepublic,Dominican Republic,DOM,male_tertiary_enrolment,WDI,Dominican Republic,2003,latest_available_before_2010,North America
Uruguay,Uruguay,URY,male_tertiary_enrolment,WDI,Uruguay,2006,latest_available_before_2010,South America
CostaRica,Costa Rica,CRI,male_tertiary_enrolment,WDI,Costa Rica,2004,latest_available_before_2010,North America
SouthAfrica,South Africa,ZAF,urban_population,WDI,South Africa,2010,exact_2010,Africa
Sudan,Sudan,SDN,urban_population,WDI,Sudan,2010,exact_2010,Africa
Afghanistan,Afghanistan,AFG,urban_population,WDI,Afghanistan,2010,exact_2010,Asia
"Congo,Republic","Congo, Republic",COG,urban_population,WDI,"Congo, Rep.",2010,exact_2010,Africa
Morocco,Morocco,MAR,urban_population,WDI,Morocco,2010,exact_2010,Africa
Burundi,Burundi,BDI,urban_population,WDI,Burundi,2010,exact_2010,Africa
Kenya,Kenya,KEN,urban_population,WDI,Kenya,2010,exact_2010,Africa
CzechRepublic,Czech Republic,CZE,urban_population,WDI,Czechia,2010,exact_2010,Europe
"Korea,South","Korea, South",KOR,urban_population,WDI,"Korea, Rep.",2010,exact_2010,Asia
Cameroon,Cameroon,CMR,urban_population,WDI,Cameroon,2010,exact_2010,Africa
Senegal,Senegal,SEN,urban_population,WDI,Senegal,2010,exact_2010,Africa
Ghana,Ghana,GHA,urban_population,WDI,Ghana,2010,exact_2010,Africa
Canada,Canada,CAN,urban_population,WDI,Canada,2010,exact_2010,North America
Turkey,Turkey,TUR,urban_population,WDI,Turkiye,2010,exact_2010,Asia
Zimbabwe,Zimbabwe,ZWE,urban_population,WDI,Zimbabwe,2010,exact_2010,Africa
Rwanda,Rwanda,RWA,urban_population,WDI,Rwanda,2010,exact_2010,Africa
Netherlands,Netherlands,NLD,urban_population,WDI,Netherlands,2010,exact_2010,Europe
Nigeria,Nigeria,NGA,urban_population,WDI,Nigeria,2010,exact_2010,Africa
Albania,Albania,ALB,urban_population,WDI,Albania,2010,exact_2010,Europe
France,France,FRA,urban_population,WDI,France,2010,exact_2010,Europe
USSR,USSR,RUS,urban_population,WDI,Russian Federation,2010,exact_2010,Europe
Australia,Australia,AUS,urban_population,WDI,Australia,2010,exact_2010,Oceania
UnitedKingdom,United Kingdom,GBR,urban_population,WDI,United Kingdom,2010,exact_2010,Europe
Ethiopia,Ethiopia,ETH,urban_population,WDI,Ethiopia,2010,exact_2010,Africa
Syria,Syria,SYR,urban_population,WDI,Syrian Arab Republic,2010,exact_2010,Asia
Egypt,Egypt,EGY,urban_population,WDI,"Egypt, Arab Rep.",2010,exact_2010,Africa
Eritrea,Eritrea,ERI,urban_population,WDI,Eritrea,2010,exact_2010,Africa
Iran,Iran,IRN,urban_population,WDI,"Iran, Islamic Rep.",2010,exact_2010,Asia
Algeria,Algeria,DZA,urban_population,WDI,Algeria,2010,exact_2010,Africa
Lebanon,Lebanon,LBN,urban_population,WDI,Lebanon,2010,exact_2010,Asia
Iraq,Iraq,IRQ,urban_population,WDI,Iraq,2010,exact_2010,Asia
Libya,Libya,LBY,urban_population,WDI,Libya,2010,exact_2010,Africa
UnitedStates,United States,USA,urban_population,WDI,United States,2010,exact_2010,North America
Israel,Israel,ISR,urban_population,WDI,Israel,2010,exact_2010,Asia
Kuwait,Kuwait,KWT,urban_population,WDI,Kuwait,2010,exact_2010,Asia
Tunisia,Tunisia,TUN,urban_population,WDI,Tunisia,2010,exact_2010,Africa
SaudiArabia,Saudi Arabia,SAU,urban_population,WDI,Saudi Arabia,2010,exact_2010,Asia
Greece,Greece,GRC,urban_population,WDI,Greece,2010,exact_2010,Europe
Belgium,Belgium,BEL,urban_population,WDI,Belgium,2010,exact_2010,Europe
Germany,Germany,DEU,urban_population,WDI,Germany,2010,exact_2010,Europe
Togo,Togo,TGO,urban_population,WDI,Togo,2010,exact_2010,Africa
Spain,Spain,ESP,urban_population,WDI,Spain,2010,exact_2010,Europe
India,India,IND,urban_population,WDI,India,2010,exact_2010,Asia
Aruba,Aruba,ABW,urban_population,WDI,Aruba,2010,exact_2010,
Iceland,Iceland,ISL,urban_population,WDI,Iceland,2010,exact_2010,Europe
Switzerland,Switzerland,CHE,urban_population,WDI,Switzerland,2010,exact_2010,Europe
ElSalvador,El Salvador,SLV,urban_population,WDI,El Salvador,2010,exact_2010,North America
Somalia,Somalia,SOM,urban_population,WDI,"Somalia, Fed. Rep.",2010,exact_2010,Africa
Tanzania,Tanzania,TZA,urban_population,WDI,Tanzania,2010,exact_2010,Africa
Mozambique,Mozambique,MOZ,urban_population,WDI,Mozambique,2010,exact_2010,Africa
China,China,CHN,urban_population,WDI,China,2010,exact_2010,Asia
Sweden,Sweden,SWE,urban_population,WDI,Sweden,2010,exact_2010,Europe
Azerbaijan,Azerbaijan,AZE,urban_population,WDI,Azerbaijan,2010,exact_2010,Asia
Armenia,Armenia,ARM,urban_population,WDI,Armenia,2010,exact_2010,Asia
Georgia,Georgia,GEO,urban_population,WDI,Georgia,2010,exact_2010,Asia
Ukraine,Ukraine,UKR,urban_population,WDI,Ukraine,2010,exact_2010,Europe
Argentina,Argentina,ARG,urban_population,WDI,Argentina,2010,exact_2010,South America
Bangladesh,Bangladesh,BGD,urban_population,WDI,Bangladesh,2010,exact_2010,Asia
Pakistan,Pakistan,PAK,urban_population,WDI,Pakistan,2010,exact_2010,Asia
Indonesia,Indonesia,IDN,urban_population,WDI,Indonesia,2010,exact_2010,Asia
BosniaandHerzegovina,Bosniaand Herzegovina,BIH,urban_population,WDI,Bosnia and Herzegovina,2010,exact_2010,Europe
Slovenia,Slovenia,SVN,urban_population,WDI,Slovenia,2010,exact_2010,Europe
Bulgaria,Bulgaria,BGR,urban_population,WDI,Bulgaria,2010,exact_2010,Europe
Norway,Norway,NOR,urban_population,WDI,Norway,2010,exact_2010,Europe
Denmark,Denmark,DNK,urban_population,WDI,Denmark,2010,exact_2010,Europe
Belarus,Belarus,BLR,urban_population,WDI,Belarus,2010,exact_2010,Europe
Finland,Finland,FIN,urban_population,WDI,Finland,2010,exact_2010,Europe
Vietnam,Vietnam,VNM,urban_population,WDI,Viet Nam,2010,exact_2010,Asia
HongKong,Hong Kong,HKG,urban_population,WDI,"Hong Kong SAR, China",2010,exact_2010,Asia
Malaysia,Malaysia,MYS,urban_population,WDI,Malaysia,2010,exact_2010,Asia
Singapore,Singapore,SGP,urban_population,WDI,Singapore,2010,exact_2010,Asia
Thailand,Thailand,THA,urban_population,WDI,Thailand,2010,exact_2010,Asia
Croatia,Croatia,HRV,urban_population,WDI,Croatia,2010,exact_2010,Europe
Romania,Romania,ROU,urban_population,WDI,Romania,2010,exact_2010,Europe
Austria,Austria,AUT,urban_population,WDI,Austria,2010,exact_2010,Europe
Slovakia,Slovakia,SVK,urban_population,WDI,Slovak Republic,2010,exact_2010,Europe
Italy,Italy,ITA,urban_population,WDI,Italy,2010,exact_2010,Europe
Philippines,Philippines,PHL,urban_population,WDI,Philippines,2010,exact_2010,Asia
Chile,Chile,CHL,urban_population,WDI,Chile,2010,exact_2010,South America
Japan,Japan,JPN,urban_population,WDI,Japan,2010,exact_2010,Asia
NewZealand,New Zealand,NZL,urban_population,WDI,New Zealand,2010,exact_2010,Oceania
Guyana,Guyana,GUY,urban_population,WDI,Guyana,2010,exact_2010,South America
Cuba,Cuba,CUB,urban_population,WDI,Cuba,2010,exact_2010,North America
Bolivia,Bolivia,BOL,urban_population,WDI,Bolivia,2010,exact_2010,South America
Nepal,Nepal,NPL,urban_population,WDI,Nepal,2010,exact_2010,Asia
Venezuela,Venezuela,VEN,urban_population,WDI,"Venezuela, RB",2010,exact_2010,South America
Angola,Angola,AGO,urban_population,WDI,Angola,2010,exact_2010,Africa
Ireland,Ireland,IRL,urban_population,WDI,Ireland,2010,exact_2010,Europe
Malta,Malta,MLT,urban_population,WDI,Malta,2010,exact_2010,Europe
Poland,Poland,POL,urban_population,WDI,Poland,2010,exact_2010,Europe
Brazil,Brazil,BRA,urban_population,WDI,Brazil,2010,exact_2010,South America
Guatemala,Guatemala,GTM,urban_population,WDI,Guatemala,2010,exact_2010,North America
SierraLeone,Sierra Leone,SLE,urban_population,WDI,Sierra Leone,2010,exact_2010,Africa
Nicaragua,Nicaragua,NIC,urban_population,WDI,Nicaragua,2010,exact_2010,North America
Mexico,Mexico,MEX,urban_population,WDI,Mexico,2010,exact_2010,North America
Peru,Peru,PER,urban_population,WDI,Peru,2010,exact_2010,South America
Portugal,Portugal,PRT,urban_population,WDI,Portugal,2010,exact_2010,Europe
Estonia,Estonia,EST,urban_population,WDI,Estonia,2010,exact_2010,Europe
"Congo,DemocraticRepublicofthe","Congo, Democratic Republicofthe",COD,urban_population,WDI,"Congo, Dem. Rep.",2010,exact_2010,Africa
Coted'Ivoire,Coted'Ivoire,CIV,urban_population,WDI,Cote d'Ivoire,2010,exact_2010,Africa
Guinea,Guinea,GIN,urban_population,WDI,Guinea,2010,exact_2010,Africa
Colombia,Colombia,COL,urban_population,WDI,Colombia,2010,exact_2010,South America
Kazakhstan,Kazakhstan,KAZ,urban_population,WDI,Kazakhstan,2010,exact_2010,Asia
Uzbekistan,Uzbekistan,UZB,urban_population,WDI,Uzbekistan,2010,exact_2010,Asia
CapeVerde,Cape Verde,CPV,urban_population,WDI,Cabo Verde,2010,exact_2010,Africa
Hungary,Hungary,HUN,urban_population,WDI,Hungary,2010,exact_2010,Europe
Latvia,Latvia,LVA,urban_population,WDI,Latvia,2010,exact_2010,Europe
Lithuania,Lithuania,LTU,urban_population,WDI,Lithuania,2010,exact_2010,Europe
Mongolia,Mongolia,MNG,urban_population,WDI,Mongolia,2010,exact_2010,Asia
Moldova,Moldova,MDA,urban_population,WDI,Moldova,2010,exact_2010,Europe
Ecuador,Ecuador,ECU,urban_population,WDI,Ecuador,2010,exact_2010,South America
DominicanRepublic,Dominican Republic,DOM,urban_population,WDI,Dominican Republic,2010,exact_2010,North America
Uruguay,Uruguay,URY,urban_population,WDI,Uruguay,2010,exact_2010,South America
CostaRica,Costa Rica,CRI,urban_population,WDI,Costa Rica,2010,exact_2010,North America
