Native.Language,Reading,Listening,Speaking,Writing,Total,code,L1_code,L2_code,urielplus_featural_dist,urielplus_script_dist,urielplus_geographic_dist,urielplus_genetic_dist,urielplus_syntactic_dist,urielplus_morphological_dist,urielplus_phonological_dist,urielplus_inventory_dist,modality_island_dist,modality_speaker_dist,modality_hyperbolic_dist,l2v_genetic_dist,l2v_geographic_dist,l2v_syntactic_dist,l2v_inventory_dist,l2v_phonological_dist,l2v_featural_dist,asjp_dist,phoible,grambank,glot_tree,scripts,concepts,qwals
Afrikaans,20,21,22,21,85,afri1274,afri1274,stan1293,0.5915,0.4161,0.3303,0.6638,0.6176,0.6902,0.3881,0.4922,0.2406404120953994,0.5125261620442828,16.763762,0.6,0.4,0.63,0.5144,0.5687,0.6,0.2968743914912273,0.7,-1.0,0.5643939393939393,0.6666666666666667,0.04,0.11934524029493332
Akan,18,19,21,20,78,akan1250,akan1250,stan1293,0.6619,0.4161,0.2053,1.0,0.7287,0.7837,0.5096,0.4969,0.2064477144176215,0.3999441545628402,20.151758,1.0,0.3,0.78,0.4969,0.5207,0.6,,-1.0,-1.0,1.0,0.6666666666666667,-1.0,0.4024001706031061
Albanian,19,21,23,21,84,alba1267,alba1267,stan1293,0.5618,0.1789,0.0811,0.7837,0.5887,0.6564,0.3141,0.4961,0.1686551655113584,0.2859046581487833,16.834536,1.0,1.0,0.57,0.5983,0.5687,0.6,,-1.0,-1.0,-1.0,-1.0,-1.0,0.19044817756204044
Amharic,18,21,21,19,79,amha1245,amha1245,stan1293,0.6184,0.5933,0.2286,1.0,0.6721,0.6894,0.3729,0.492,0.184890738204618,0.3806751159588813,21.115688,1.0,0.3,0.61,0.492,0.4816,0.5,0.503618996145625,0.7294117647058824,0.5433581647846062,1.0,1.0,0.04,0.31815827313591455
Arabic,19,21,21,20,81,stan1318,stan1318,stan1293,0.6405,0.5574,0.1832,1.0,0.6834,0.7252,0.3277,0.5158,0.1852686501919939,0.3158497261782654,22.007307,1.0,0.2,0.67,0.5983,0.5687,0.8,0.4968457211653928,0.7936507936507937,0.5482499746302602,1.0,1.0,0.05,0.3027777870496114
Armenian,19,21,22,21,84,nucl1235,nucl1235,stan1293,0.621,0.2677,0.1503,0.8767,0.6576,0.7211,0.439,0.5064,0.186203601372036,0.2560595642710764,16.755886,0.9,0.2,0.66,0.5064,0.5032,0.6,0.4881668060903522,0.6949152542372881,0.5025707110324167,0.7166666666666667,1.0,0.0699999999999999,0.2774872439248221
Assamese,23,24,24,23,94,assa1263,assa1263,stan1293,0.6622,0.6368,0.2988,0.9248,0.7969,0.6873,0.2677,0.4638,0.1840781104422103,0.3420755615274906,19.909649,0.9,0.4,0.81,0.4638,0.5687,0.6,,0.56,-1.0,0.8333333333333334,0.75,-1.0,0.3849358925452599
Azerbaijani,19,20,21,20,81,nort2697,nort2697,stan1293,0.6532,0.641,0.1515,1.0,0.7134,0.7211,0.3277,0.5491,0.2080646289814273,0.3132547441314021,18.817411,1.0,0.2,0.57,0.5491,0.5687,0.7,,-1.0,-1.0,-1.0,-1.0,-1.0,-1.0
Bambara,14,16,17,15,61,bamb1269,bamb1269,stan1293,0.6251,0.4404,0.1843,1.0,0.6806,0.6875,0.4878,0.5032,0.183352219990589,0.3771800470698224,20.85726,1.0,0.2,0.67,0.5032,0.39,0.6,,0.5614035087719298,0.4954336943068623,1.0,0.8,0.12,0.31270343442506426
Belarusian,22,24,22,22,90,bela1254,bela1254,stan1293,0.5928,0.4161,0.0725,0.8934,0.6227,0.6946,0.2677,0.4911,0.1689556558009406,0.2768119852082086,19.783377,0.9,0.1,0.76,0.5983,0.5687,0.9,0.4706584152556583,-1.0,0.5297284633639759,0.75,0.75,0.04,0.37962962962962965
Bemba,17,19,22,20,78,bemb1257,bemb1257,stan1293,0.6745,0.1864,0.291,1.0,0.7259,0.737,0.5295,0.5043,0.2218743718481695,0.455616950444458,20.732475,1.0,0.4,0.79,0.5043,0.5687,0.6,,0.6382978723404256,0.6085806194501846,1.0,0.6666666666666667,0.13,0.3797619342803955
Bengali,22,23,23,23,92,beng1280,beng1280,stan1293,0.615,0.6368,0.3019,0.9196,0.6748,0.6969,0.3729,0.4982,0.1903852543251383,0.338877478734136,18.103352,0.875,0.4,0.7,0.4982,0.4054,0.6,0.4860599116675795,0.696969696969697,-1.0,0.8257575757575757,1.0,0.12,0.32545005984422637
Berber,20,22,22,20,83,tach1250,tach1250,stan1293,0.6709,0.4404,0.1075,1.0,0.7413,0.7532,0.3729,0.5537,0.2050633886661879,0.3510628607525836,21.09826,1.0,0.1,0.88,0.5537,0.3433,0.6,,0.7285714285714286,-1.0,1.0,0.8,0.0799999999999999,0.5028239405432413
Bosnian,22,24,24,23,92,bosn1245,bosn1245,stan1293,0.5178,0.1864,0.0729,0.9196,0.5136,0.5779,0.4034,0.5093,0.1748784537187685,0.2817831795843915,23.954674,0.9,0.1,0.61,0.5983,0.5687,0.8,0.4479737536726882,-1.0,-1.0,0.8257575757575757,0.75,-1.0,0.5
Bulgarian,23,24,23,23,94,bulg1262,bulg1262,stan1293,0.5636,0.1864,0.0896,0.9131,0.5924,0.6236,0.2677,0.521,0.175280987395613,0.292407999546662,18.619728,0.8571,0.1,0.48,0.521,0.2804,0.5,0.4632172207161857,0.6666666666666667,-1.0,0.7916666666666667,0.75,0.0699999999999999,0.20196885329026443
Burmese,19,20,21,21,81,nucl1310,nucl1310,stan1293,0.6225,0.6368,0.319,1.0,0.7446,0.721,0.3141,0.3323,0.1755356076083333,0.3775163707790285,20.9274,1.0,0.4,0.73,0.3323,0.2566,0.5,0.4851617098001968,0.546875,0.5714285714285715,1.0,1.0,0.0899999999999999,0.3588757668772051
Catalan,24,25,23,22,94,stan1289,stan1289,stan1293,0.5343,0.1864,0.0526,0.9328,0.5465,0.696,0.1864,0.4581,0.159228501660365,0.3153960525140231,18.165714,0.9,0.1,0.53,0.4581,0.2804,0.5,0.458978820840091,0.6379310344827587,0.4859844694253233,0.8333333333333334,0.6666666666666667,0.05,0.21560372625078475
Cebuano,19,21,23,22,84,cebu1242,cebu1242,stan1293,0.635,0.1864,0.4046,1.0,0.6734,0.7854,0.2677,0.5371,0.1786546752044315,0.447456563201428,20.45974,1.0,0.6,0.8,0.5371,0.5687,0.7,0.4861078141557789,0.5813953488372092,0.5360562674188973,1.0,0.6666666666666667,0.0799999999999999,0.3293650945027669
Chichewa (Nyanja),18,20,22,21,80,nyan1308,nyan1308,stan1293,0.6888,0.1864,0.3096,1.0,0.7608,0.7837,0.4934,0.5233,0.2022142895943666,0.453948280421112,21.19484,1.0,0.4,0.69,0.5983,0.5687,0.8,0.4889637408630559,-1.0,-1.0,1.0,0.6666666666666667,0.1099999999999999,0.22065340086471202
Chinese,23,22,21,21,87,mand1415,mand1415,stan1293,0.6462,0.641,0.3047,1.0,0.6488,0.8278,0.4878,0.5926,0.2107331748760378,0.3574355545484462,18.87491,1.0,0.4,0.55,0.5926,0.39,0.6,0.4949171504461406,0.7777777777777778,0.5325242619376499,1.0,0.8,0.0799999999999999,0.2577959696451823
Croatian,24,26,24,23,97,croa1245,croa1245,stan1293,0.5212,0.1864,0.0639,0.9196,0.5204,0.5779,0.4034,0.5093,0.1747549275139525,0.2788360139975238,23.955406,0.9,0.1,0.79,0.5093,0.5687,0.6,0.4646638334925578,0.6363636363636364,0.4934808163061419,0.8257575757575757,0.6666666666666667,0.0999999999999999,-1.0
Czech,23,25,24,23,94,czec1258,czec1258,stan1293,0.5992,0.1864,0.0481,0.9131,0.6234,0.684,0.2677,0.5368,0.1786738965477483,0.2859646687188805,18.86049,0.9,0.1,0.66,0.5368,0.5687,0.6,0.4710344843243741,0.5740740740740741,0.4779397409078746,0.7738095238095238,0.6666666666666667,0.06,0.21086862352159289
Danish,24,26,26,23,99,dani1285,dani1285,stan1293,0.5372,0.0,0.0292,0.7323,0.5459,0.7413,0.2617,0.4346,0.1622991770495908,0.2863492877022123,15.934754,0.7,0.0,0.5,0.5983,0.5687,0.7,0.3777832047905747,0.75,0.4669958312265524,0.5476190476190477,0.6666666666666667,0.03,0.11791225715919777
Dutch,24,26,25,23,98,dutc1256,dutc1256,stan1293,0.5343,0.1864,0.0174,0.7068,0.5416,0.6462,0.3548,0.4861,0.1573297001626682,0.282829252479655,14.338248,0.6,0.0,0.49,0.4861,0.5687,0.5,0.3299468743270022,0.5671641791044777,0.4135026674140678,0.5416666666666666,0.6666666666666667,0.03,0.15014688070718343
English,23,24,24,23,94,stan1293,stan1293,stan1293,0.0,0.0,0.0,0.0,0.0,0.0,0.0,0.0,0.0,7.643046873908923e-20,0.0004472136,0.0,0.0,0.0,0.0,0.0002,0.0,0.0,-1.0,0.0,0.0,0.0,0.0,0.0
Estonian,24,25,23,23,95,esto1258,esto1258,stan1293,0.5622,0.641,0.0711,0.9687,0.5848,0.674,0.1864,0.5026,0.1517706715066794,0.2820924493373307,21.241074,1.0,0.1,0.69,0.5983,0.5687,0.8,0.4878046354690142,0.7962962962962963,0.4460997367454705,1.0,0.6666666666666667,0.03,0.17610693814461692
Ewe,14,15,18,16,63,ewee1241,ewee1241,stan1293,0.6361,0.1864,0.2049,1.0,0.6777,0.7553,0.4646,0.5249,0.2056634475822651,0.3991874283752927,20.448702,1.0,0.3,0.66,0.5249,0.3695,0.6,,0.6984126984126984,0.5175491695067657,1.0,0.6666666666666667,0.0699999999999999,0.30379128670907235
Farsi,25,25,20,24,95,west2369,west2369,stan1293,0.6099,0.641,0.2083,0.9196,0.6777,0.648,0.3729,0.4807,0.1971738371020648,0.3132736540200821,16.829262,0.9,0.3,0.72,0.4807,0.3433,0.6,0.5082894995069519,0.5,0.5039526306789697,0.8166666666666667,1.0,0.0799999999999999,0.2953880027488426
Finnish,24,25,23,23,95,finn1318,finn1318,stan1293,0.5882,0.1864,0.0812,1.0,0.6446,0.674,0.3141,0.4694,0.1681826688579946,0.2863081336602573,20.887901,1.0,0.1,0.53,0.4694,0.2736,0.5,0.4969299575588256,0.6721311475409837,0.4835605916233707,1.0,0.6666666666666667,0.03,0.18909001023802038
French,21,22,21,21,86,stan1290,stan1290,stan1293,0.5686,0.1864,0.0246,0.9386,0.5789,0.7083,0.439,0.4753,0.1657802641950677,0.2341885915619999,19.669724,0.9,0.0,0.46,0.4753,0.427,0.5,0.4697521663913439,0.6296296296296297,0.4731602234073838,0.857843137254902,0.6666666666666667,0.01,0.18394055462523595
Fulah,15,17,20,17,69,maas1239,maas1239,stan1293,0.6224,0.4161,0.1857,1.0,0.6645,0.6995,0.427,0.498,0.1889153080944197,0.3772725865426401,21.42274,1.0,0.2,0.57,0.498,0.5687,0.7,,0.6181818181818182,0.5431059093556048,1.0,0.6666666666666667,0.0699999999999999,0.20000000298023224
Ganda,17,20,22,21,79,gand1255,gand1255,stan1293,0.6621,0.4161,0.255,1.0,0.7165,0.7648,0.4407,0.4928,0.216309945721817,0.4081896889807551,21.865604,1.0,0.3,0.78,0.4928,0.5687,0.6,,0.56,0.5773502691896257,1.0,0.6666666666666667,0.05,0.32435898903088695
Georgian,21,23,23,22,89,nucl1302,nucl1302,stan1293,0.6546,0.3333,0.154,1.0,0.6791,0.738,0.4878,0.5667,0.2119543988165545,0.2988484877995837,18.509977,1.0,0.2,0.61,0.5667,0.4816,0.6,0.4913859293326371,0.6153846153846154,0.5624291338579865,1.0,1.0,0.05,0.3201173146565755
German,25,26,26,24,100,stan1295,stan1295,stan1293,0.5076,0.1864,0.0437,0.6336,0.5146,0.6465,0.3548,0.4364,0.1497015463706129,0.266889810577528,16.285048,0.4286,0.1,0.42,0.4364,0.3277,0.4,0.3828940829232359,0.42,-1.0,0.5833333333333333,0.6666666666666667,0.04,0.1614059394514057
Greek,24,25,23,24,95,mode1248,mode1248,stan1293,0.5828,0.3277,0.0921,0.9047,0.5837,0.7068,0.1864,0.5516,0.1716955334566311,0.2713775078362895,17.539917,0.8333,0.1,0.52,0.5516,0.195,0.5,0.4899154784182561,0.6170212765957447,0.4987546680538164,0.8166666666666667,1.0,0.02,0.22135365092671
Gujarati,24,25,22,24,95,guja1252,guja1252,stan1293,0.6017,0.6368,0.2639,0.9196,0.6644,0.6873,0.3333,0.4753,0.1794754883967748,0.3318845929842454,17.726118,0.9,0.3,0.68,0.4753,0.5687,0.6,,0.7777777777777778,-1.0,0.8257575757575757,1.0,0.17,0.1930014436895197
Hausa,18,20,21,20,79,haus1257,haus1257,stan1293,0.572,0.4161,0.1885,1.0,0.567,0.6892,0.439,0.5337,0.1742077485051105,0.3764161579382574,19.48854,1.0,0.2,0.45,0.5337,0.427,0.5,0.4980688756376551,0.6290322580645161,0.5275893435844943,1.0,0.6666666666666667,0.0999999999999999,0.2755693629168082
Hebrew,23,26,24,22,94,hebr1245,hebr1245,stan1293,0.6064,0.6035,0.1521,1.0,0.6006,0.7193,0.4788,0.5549,0.1733324279763547,0.2973891000039743,21.960886,1.0,0.2,0.52,0.5549,0.5687,0.6,0.4878111734379306,0.6041666666666667,0.4868205209861014,1.0,1.0,0.04,0.23143031823374058
Hiligaynon,21,23,23,21,88,hili1240,hili1240,stan1293,0.6122,0.1864,0.3975,1.0,0.6663,0.7532,0.1864,0.4911,0.1758816232840447,0.4522884398198776,22.11605,1.0,0.6,0.66,0.4911,0.5687,0.6,,0.5555555555555556,0.5590169943749475,1.0,0.6666666666666667,0.0999999999999999,0.2615941918414572
Hindi,24,25,24,24,96,hind1269,hind1269,stan1293,0.6094,0.3918,0.2707,0.9196,0.6586,0.7597,0.3729,0.4684,0.1935052611418541,0.3401224431291909,19.157167,0.9,0.4,0.59,0.4684,0.3433,0.5,0.4743037545532788,0.7123287671232876,0.5803340113821,0.8333333333333334,0.75,0.03,0.24476553647572757
Hungarian,24,25,23,23,95,hung1274,hung1274,stan1293,0.5979,0.1864,0.0665,1.0,0.641,0.7323,0.3277,0.4581,0.1808106473937418,0.2834307273166708,19.918598,1.0,0.1,0.6,0.4581,0.3433,0.5,0.4980708605183593,0.5818181818181818,0.5114083119567588,1.0,0.75,0.05,0.2542989518907335
Icelandic,23,26,24,23,96,icel1247,icel1247,stan1293,0.5505,0.0,0.0642,0.7323,0.5584,0.6936,0.427,0.4694,0.14114342720517,0.299810422141954,20.34326,0.7,0.1,0.47,0.4694,0.5687,0.5,,0.631578947368421,0.4645314560761311,0.5833333333333334,0.6666666666666667,0.03,0.1784817290632692
Igbo,19,20,21,20,81,nucl1417,nucl1417,stan1293,0.6286,0.1864,0.2142,1.0,0.6773,0.7854,0.4878,0.4772,0.1976390839667148,0.3852758234209366,19.234743,1.0,0.3,0.61,0.4772,0.427,0.5,,0.5098039215686274,0.5127246804456992,1.0,0.6666666666666667,0.18,0.24332010481092664
Indonesian,21,22,21,21,84,indo1316,indo1316,stan1293,0.59,0.4161,0.4185,1.0,0.6388,0.7434,0.3277,0.4546,0.1703684138319509,0.4836762103111534,22.224,1.0,0.6,0.52,0.4546,0.2736,0.5,0.4855769393949239,0.5208333333333333,0.5196152422706631,1.0,0.6666666666666667,0.0699999999999999,0.2607142925262451
Italian,24,24,22,22,93,ital1282,ital1282,stan1293,0.5595,0.1864,0.0615,0.9291,0.5724,0.6658,0.2677,0.5064,0.1594819756113226,0.2845440064979185,19.44084,0.9,0.1,0.51,0.5064,0.5687,0.5,0.467123870501874,0.6,0.475531968711181,0.8257575757575757,0.6666666666666667,0.02,0.13954518391535833
Japanese,19,19,17,18,73,nucl1643,nucl1643,stan1293,0.6712,0.3881,0.3453,1.0,0.713,0.7604,0.5587,0.5428,0.220943622562188,0.4041192426109353,16.566793,1.0,0.5,0.66,0.5472,0.5032,0.6,0.5010948615755272,0.6379310344827587,0.5802442736343265,1.0,0.75,0.06,0.3326410929361979
Javanese,18,17,16,17,68,java1254,java1254,stan1293,0.5993,0.1864,0.4052,1.0,0.6407,0.8019,0.427,0.4438,0.1737880981498029,0.4843854588332745,18.217724,1.0,0.6,0.82,0.4438,0.529,0.6,0.5025375938287663,0.5686274509803921,0.543557306504609,1.0,0.75,0.2099999999999999,0.2583809471130371
Kannada,23,24,24,23,95,nucl1305,nucl1305,stan1293,0.6406,0.5114,0.3013,1.0,0.7397,0.6629,0.3333,0.4738,0.1984362907884286,0.3417405931658121,20.353052,1.0,0.4,0.64,0.4738,0.3498,0.5,,0.696969696969697,0.5699763999032771,1.0,1.0,0.03,0.29450090848482574
Kashmiri,23,23,24,23,93,kash1277,kash1277,stan1293,0.5936,0.4973,0.2387,0.8934,0.6645,0.6518,0.3277,0.4579,0.1716939116261725,0.3407002051093177,17.929123,0.9,0.3,0.65,0.4579,0.4121,0.5,,0.7333333333333334,0.5380275868489703,0.7916666666666667,0.8333333333333334,-1.0,0.2556746164957682
Kazakh,20,20,15,18,73,kaza1248,kaza1248,stan1293,0.9187,0.4161,0.1977,1.0,0.9186,0.6736,0.8136,0.9139,0.2400970638353151,0.2909282829645901,21.35208,1.0,0.2,0.9,0.5983,0.805,0.9,0.4996831386034627,-1.0,-1.0,1.0,0.8,0.0999999999999999,0.45502646764119464
Khmer,18,20,21,21,80,cent1989,cent1989,stan1293,0.6253,0.6667,0.3638,1.0,0.6443,0.8019,0.5456,0.5101,0.1811100337521473,0.4038433712367068,21.16455,1.0,0.5,0.64,0.5101,0.5207,0.6,,0.6923076923076923,0.5121475197315839,1.0,1.0,0.0899999999999999,0.30173563734393255
Kikuyu,17,20,22,21,80,kiku1240,kiku1240,stan1293,0.6859,0.1864,0.2654,1.0,0.7356,0.798,0.5456,0.5207,0.2099566935955652,0.4143429787162683,21.628359,1.0,0.3,0.75,0.5207,0.5687,0.6,,0.6603773584905661,0.5859807965931166,1.0,0.6666666666666667,0.06,0.26550834243362015
Kinyarwanda,16,18,21,19,73,kiny1244,kiny1244,stan1293,0.6736,0.1864,0.2595,1.0,0.7326,0.7771,0.5804,0.5182,0.2008301802401579,0.4178874300792575,21.485485,1.0,0.3,0.77,0.5182,0.5687,0.6,0.5009128217597675,0.6031746031746033,-1.0,1.0,0.6666666666666667,0.12,0.2819940745830536
Konkani,24,25,25,25,99,goan1235,goan1235,stan1293,0.6468,0.4404,0.2923,0.9047,0.6597,0.6736,0.5641,0.6054,0.2490687087276912,0.3419729755027828,18.539984,0.9,0.4,0.57,0.5983,0.5687,0.6,,-1.0,-1.0,0.8166666666666667,0.75,-1.0,-1.0
Korean,22,22,21,21,86,kore1280,kore1280,stan1293,0.6664,0.3141,0.3292,1.0,0.7212,0.7699,0.5587,0.4866,0.2220948513794477,0.3766924055911951,18.999586,1.0,0.4,0.62,0.4866,0.4638,0.5,0.4950335641691021,0.7049180327868853,0.6096947996260912,1.0,1.0,0.0899999999999999,0.28598079396717585
Kurdish,17,19,21,19,75,cent1972,cent1972,stan1293,0.6454,0.4161,0.1645,0.9196,0.77,0.5901,0.3548,0.4991,0.1992595119473387,0.3073106544260985,18.120289,0.9,0.2,0.92,0.5983,0.5687,0.9,0.4693153029442677,0.6551724137931034,-1.0,0.8166666666666667,1.0,0.0899999999999999,0.2418333435058594
Lao,15,16,20,19,70,laoo1244,laoo1244,stan1293,0.6435,0.6368,0.3524,1.0,0.6791,0.8611,0.427,0.522,0.1894666757581861,0.3757573196331564,19.990494,1.0,0.5,0.59,0.522,0.5687,0.6,0.4966546431738855,0.5535714285714286,0.5396870722208659,1.0,1.0,0.0899999999999999,0.2349637694980787
Latvian,22,25,24,22,93,stan1325,stan1325,stan1293,0.577,0.1864,0.0694,0.9687,0.5449,0.6241,0.3548,0.6361,0.1767305902011589,0.281487203478907,23.772718,1.0,1.0,0.57,0.5983,0.5687,0.6,,0.6271186440677966,0.512989176042577,0.7738095238095238,0.6666666666666667,0.04,-1.0
Lingala,12,14,17,14,56,ling1263,ling1263,stan1293,0.6947,0.1864,0.2366,1.0,0.7495,0.8091,0.5096,0.4951,0.2736667792820574,0.4197471627570978,25.203318,1.0,0.3,0.67,0.5119,0.5687,0.6,,0.6521739130434783,0.5736845161328941,1.0,0.6666666666666667,0.0799999999999999,0.3661706334068662
Lithuanian,23,25,24,23,94,lith1251,lith1251,stan1293,0.6047,0.1864,0.0673,0.8767,0.6613,0.6723,0.3333,0.4694,0.1852575085474495,0.2772910894679084,18.998898,0.9,0.1,0.68,0.4694,0.3498,0.5,0.4772397271905885,0.6857142857142857,0.5283822643303645,0.7166666666666667,0.6666666666666667,0.12,0.25844594594594594
Luo,16,18,22,20,77,luok1236,luok1236,stan1293,0.6223,0.1864,0.2642,1.0,0.6889,0.8094,0.427,0.3969,0.1811474427644195,0.4101206607118164,24.11706,1.0,0.3,0.63,0.3969,0.4054,0.5,,0.5576923076923077,0.5788596842339373,1.0,0.6666666666666667,0.0799999999999999,0.28805620162213436
Luxembourgish,23,25,25,23,96,luxe1241,luxe1241,stan1293,0.7912,0.1864,0.0255,0.6336,0.7971,0.8869,0.6667,0.7678,0.2261469122113255,0.2911499084345325,14.377241,0.6,0.0,0.72,0.5983,0.5687,0.8,,0.6190476190476191,-1.0,0.5416666666666666,0.6666666666666667,-1.0,0.0
Macedonian,21,23,24,22,90,mace1250,mace1250,stan1293,0.5765,0.3918,0.0868,0.9131,0.6046,0.6704,0.2677,0.5064,0.1691946088429574,0.2668442893089293,18.871939,0.9,0.1,0.57,0.5064,0.5687,0.6,0.4530845901884974,0.6415094339622642,0.5153882032022076,0.7916666666666667,1.0,0.03,0.20680272238595146
Malagasy,18,19,19,19,75,plat1254,plat1254,stan1293,0.6491,0.641,0.3437,1.0,0.7158,0.7457,0.2617,0.5093,0.1906555630119073,0.4899840652515779,20.896343,1.0,0.5,0.68,0.5093,0.2736,0.6,,-1.0,-1.0,-1.0,-1.0,-1.0,0.30963286188722566
Malay,23,24,22,23,92,stan1306,stan1306,stan1293,0.6287,0.641,0.3806,1.0,0.6707,0.8344,0.1864,0.4951,0.1941340811676801,0.4497684007893123,24.103481,1.0,0.5,0.79,0.4951,0.5687,0.6,0.4805058459038983,-1.0,0.5511782546095504,1.0,0.6666666666666667,0.05,0.1964285671710968
Malayalam,23,24,24,23,95,mala1464,mala1464,stan1293,0.6577,0.6336,0.314,1.0,0.7383,0.7268,0.3729,0.5076,0.2179755346920184,0.3364029026777489,20.65635,1.0,0.4,0.77,0.5076,0.5687,0.6,,0.6774193548387097,0.6071959063489054,1.0,0.75,0.05,0.35398505905927236
Mandingo,13,16,20,18,66,mand1436,mand1436,stan1293,0.6293,0.641,0.1854,1.0,0.6722,0.7675,0.427,0.5026,0.1777206619824967,0.4014529922152118,24.77993,1.0,0.2,0.7,0.5026,0.5687,0.6,,0.5961538461538461,0.5354561482635966,1.0,0.75,0.0699999999999999,0.2780701988621762
Marathi,22,23,24,23,92,mara1378,mara1378,stan1293,0.621,0.6213,0.2901,0.9131,0.6855,0.754,0.3333,0.4513,0.2057411500166676,0.341697667354667,19.728094,0.9,0.4,0.7,0.4513,0.5687,0.6,0.4752661897413339,0.782051282051282,0.5578749768504754,0.8333333333333334,1.0,0.05,0.3398521484867219
Mongolian,20,21,20,20,82,mong1331,mong1331,stan1293,0.6572,0.4867,0.2656,1.0,0.7446,0.7264,0.3277,0.5109,0.1980064574917798,0.3426274436036842,18.683977,1.0,1.0,0.57,0.5983,0.5687,0.6,0.4889405735164018,0.6842105263157895,0.5604784792072308,1.0,1.0,0.0699999999999999,0.3317754864692688
Nepali,20,22,22,22,86,nepa1254,nepa1254,stan1293,0.6252,0.1864,0.2774,0.9047,0.6956,0.6892,0.2677,0.5014,0.18978209674615,0.3306582977413158,18.324528,0.9,1.0,0.88,0.5983,0.5687,0.9,,0.7164179104477613,0.5509731650193397,0.8166666666666667,1.0,0.06,0.35241402520073783
Norwegian,22,25,25,23,95,norw1258,norw1258,stan1293,0.5311,0.0,0.0423,0.7048,0.5352,0.6356,0.409,0.4769,0.1530724846297326,0.2879058823495753,16.164381,0.7,0.1,0.59,0.5983,0.5687,0.8,0.4975739994596429,-1.0,-1.0,1.0,0.6666666666666667,-1.0,0.12302579879760742
Oriya,23,24,24,23,95,oriy1255,oriy1255,stan1293,0.6317,0.641,0.2962,0.9131,0.7195,0.7083,0.1864,0.4473,0.1927629399684823,0.3421016509839167,18.80561,0.9,1.0,0.57,0.5983,0.5687,0.6,,0.7941176470588236,0.571518298770167,0.8166666666666667,1.0,0.0799999999999999,0.3843254361833845
Oromo,16,17,19,16,68,west2721,west2721,stan1293,0.859,0.641,0.2336,1.0,0.9132,0.6736,0.7323,0.7509,0.2461395577067502,0.3843048249704852,22.193323,1.0,0.3,0.91,0.5983,0.5687,0.9,,-1.0,-1.0,1.0,0.6666666666666667,-1.0,0.35714285373687743
Polish,23,24,23,22,91,poli1260,poli1260,stan1293,0.5977,0.1864,0.0549,0.9047,0.6206,0.6689,0.1864,0.5472,0.1963065780787527,0.2787767577061891,20.819458,0.9,0.1,0.59,0.5472,0.2804,0.5,0.4834986775394935,0.8153846153846154,0.5598507263734642,0.7916666666666667,0.6666666666666667,0.05,0.2228223056328006
Portuguese,22,23,22,21,88,port1283,port1283,stan1293,0.5261,0.1864,0.0512,0.9359,0.5368,0.6902,0.3277,0.4235,0.153018482995216,0.5008684592194137,19.307278,0.9,0.1,0.47,0.4235,0.5687,0.5,0.4789226966210405,0.7166666666666667,0.4819992036541474,0.8541666666666667,0.6666666666666667,0.0799999999999999,0.16088434628077916
Punjabi,22,23,23,22,89,panj1256,panj1256,stan1293,0.6057,0.5392,0.2534,0.9131,0.6784,0.7244,0.2617,0.4336,0.1940519345442608,0.325111145902885,18.090515,0.9,0.3,0.65,0.4336,0.5687,0.6,0.4693505336431457,0.76,0.5642764926868786,0.8257575757575757,1.0,0.05,0.30108223539410217
Pushtu,26,26,20,24,95,pash1269,pash1269,stan1293,,,,,,,,,,,,,,,,,,,0.7017543859649122,-1.0,0.75,1.0,-1.0,-1.0
Romanian,22,24,23,23,92,roma1327,roma1327,stan1293,0.5476,0.1864,0.0797,0.9248,0.5772,0.6104,0.2677,0.4997,0.1525710342276314,0.2879765684844349,18.942312,0.9,0.1,0.53,0.4997,0.3498,0.5,0.4650958807612378,0.5510204081632653,-1.0,0.8257575757575757,0.6666666666666667,0.06,0.17042606755306847
Russian,22,23,22,21,87,russ1263,russ1263,stan1293,0.5951,0.3918,0.1849,0.8934,0.6046,0.6596,0.3277,0.5594,0.1819790204985099,0.269571529203966,18.162127,0.9,0.2,0.49,0.5594,0.2804,0.5,0.4594418078809715,0.7619047619047619,0.5351935732088158,0.75,1.0,0.0799999999999999,0.1935602482533295
Serbian,21,23,23,22,90,serb1264,serb1264,stan1293,0.5804,0.1864,0.079,0.9196,0.6067,0.6774,0.2677,0.5093,0.1747549275139525,0.2843988161161612,23.965153,0.9,0.1,0.62,0.5983,0.8632,0.8,,0.8253968253968254,-1.0,0.8257575757575757,0.75,0.0999999999999999,-1.0
Shona,20,22,23,22,88,shon1251,shon1251,stan1293,0.6818,0.1864,0.3141,1.0,0.7363,0.7689,0.5456,0.5348,0.2229594558385459,0.4800583461086357,20.212133,1.0,0.4,0.75,0.5348,0.5687,0.6,0.4981004979746306,0.6984126984126984,0.5969782062382213,1.0,0.6666666666666667,0.1099999999999999,0.3014492781265922
Sindhi,22,23,24,23,93,sind1272,sind1272,stan1293,0.6125,0.5804,0.2493,0.9131,0.6767,0.6983,0.3141,0.494,0.190200264616714,0.3236699769895726,18.214127,0.9,0.3,0.57,0.494,0.4054,0.6,,0.7083333333333333,-1.0,0.8257575757575757,1.0,0.05,0.19920635223388672
Sinhalese,21,23,22,22,88,sinh1246,sinh1246,stan1293,0.6217,0.5765,0.3273,0.9047,0.7086,0.6465,0.2677,0.4991,0.1855960274872095,0.3971051831849777,19.592552,0.9,0.4,0.78,0.4991,0.4121,0.6,,0.6842105263157895,-1.0,0.7916666666666667,1.0,0.15,0.3067743664696103
Slovak,23,25,24,23,96,slov1269,slov1269,stan1293,0.6468,0.1864,0.0605,0.9047,0.6597,0.6736,0.5641,0.6054,0.2490687087276912,0.2851428547519665,22.891241,0.9,0.1,0.57,0.5983,0.5687,0.6,0.4875385947228225,0.6612903225806452,-1.0,0.7738095238095238,0.6666666666666667,0.06,0.3670635223388672
Slovenian,25,27,25,24,100,slov1268,slov1268,stan1293,0.5672,0.1864,0.0559,0.9047,0.6046,0.6722,0.2677,0.4546,0.1640647172559124,0.2899317234734175,18.864693,0.9,0.1,0.56,0.4546,0.5687,0.5,0.4618493152748424,0.5384615384615384,0.5124707431905383,0.7738095238095238,0.6666666666666667,0.0899999999999999,0.15440475940704346
Somali,17,19,20,17,73,soma1255,soma1255,stan1293,0.5981,0.1864,0.2629,1.0,0.6641,0.641,0.439,0.4645,0.1836521743507581,0.3731076881877014,21.263983,1.0,0.3,0.62,0.4645,0.4816,0.5,0.4938987487613815,0.6153846153846154,0.602283237388536,1.0,0.8,0.0999999999999999,0.333596167626319
Spanish,21,22,21,20,85,stan1288,stan1288,stan1293,0.556,0.1864,0.0575,0.9386,0.5536,0.6548,0.2677,0.5481,0.1600928424951809,0.3756929241839698,17.910675,0.9,0.1,0.4,0.5481,0.3433,0.5,0.4682382370940234,0.7254901960784313,-1.0,0.8452380952380953,0.6666666666666667,0.03,0.18594598450116664
Swahili,18,20,22,20,80,swah1253,swah1253,stan1293,0.6574,0.5574,0.294,1.0,0.7195,0.8056,0.3729,0.484,0.2025305719172497,0.4130596348791034,21.272171,1.0,0.4,0.71,0.484,0.2736,0.6,,-1.0,-1.0,-1.0,-1.0,-1.0,0.28337711446425495
Swedish,24,26,25,23,98,swed1254,swed1254,stan1293,0.5511,0.0,0.0557,0.7323,0.5136,0.7896,0.3141,0.5242,0.1669703985439954,0.2821042216898607,16.41591,0.7,0.1,0.42,0.5242,0.5687,0.5,0.3358438728964572,0.6296296296296297,0.4554632899703754,0.6111111111111112,0.6666666666666667,0.05,0.10649869866567115
Tagalog,20,22,23,22,87,taga1270,taga1270,stan1293,0.6208,0.4404,0.3864,1.0,0.6668,0.8116,0.3277,0.461,0.182789081215727,0.3837343072223909,20.621298,1.0,0.5,0.66,0.461,0.3433,0.5,0.4872355366382097,0.5111111111111111,0.5936168397046637,1.0,0.75,0.0699999999999999,0.34837094643958527
Tajik,15,18,19,18,70,taji1245,taji1245,stan1293,0.6909,0.4161,0.2123,0.9291,0.7579,0.7832,0.4467,0.5636,0.1944931576218375,0.3107341261530867,19.248623,0.9,0.3,0.68,0.5983,0.5687,0.8,0.4369297723336908,0.7407407407407407,-1.0,0.8333333333333334,1.0,0.0699999999999999,0.32587536643533144
Tamil,23,25,24,23,96,tami1289,tami1289,stan1293,0.6448,0.6215,0.3158,1.0,0.7386,0.6854,0.2677,0.5014,0.2017342922319911,0.3314706540194184,20.775375,1.0,0.4,0.71,0.5014,0.5687,0.6,0.4994335206036006,0.6774193548387097,0.5553896933170313,1.0,0.8,0.05,0.3893741916965794
Tatar,22,23,20,21,86,tata1255,tata1255,stan1293,0.6459,0.4161,0.1323,1.0,0.7165,0.684,0.1864,0.5371,0.1963530631249903,0.2976179912863677,21.352331,1.0,0.2,0.75,0.5983,0.805,0.8,,0.7424242424242424,0.5241424183609592,1.0,1.0,0.0899999999999999,0.3657596678960891
Telugu,26,26,18,21,91,telu1262,telu1262,stan1293,0.621,0.5354,0.2989,1.0,0.7072,0.7149,0.2677,0.4519,0.195954732314238,0.3403826265125687,18.909454,1.0,0.4,0.74,0.4519,0.3498,0.5,0.5009229335746546,0.6951219512195121,0.581675050747111,1.0,1.0,0.1999999999999999,0.3020032002375676
Thai,21,22,20,20,82,thai1261,thai1261,stan1293,0.5967,0.6502,0.3501,1.0,0.6522,0.7977,0.427,0.4147,0.1819064804357759,0.401293199502723,22.045734,1.0,0.5,0.56,0.4147,0.39,0.5,0.4770708308946029,0.6,0.5255382728122436,1.0,1.0,0.0799999999999999,0.27239010150615983
Tibetan,21,21,22,20,83,tibe1272,tibe1272,stan1293,0.7036,0.4359,0.2901,1.0,0.7822,0.8094,0.4601,0.5252,0.2247840285956055,0.3449160046604783,19.25976,1.0,0.4,0.78,0.5252,0.4477,0.6,,0.6440677966101696,0.6284902544988268,1.0,0.75,0.1999999999999999,0.30359062071769466
Tigrinya,19,22,22,20,83,tigr1271,tigr1271,stan1293,0.6229,0.5933,0.2148,1.0,0.6798,0.6764,0.409,0.5229,0.2001624494526054,0.3670113697716641,21.579094,1.0,0.3,0.72,0.5229,0.5687,0.6,0.4795169170717502,0.7529411764705882,-1.0,1.0,1.0,0.05,0.3876602833087628
Turkish,21,22,20,21,84,nucl1301,nucl1301,stan1293,0.6476,0.1864,0.1194,1.0,0.7119,0.7323,0.3277,0.5183,0.1981213235990488,0.3005941637086279,19.807714,1.0,0.1,0.7,0.5183,0.3433,0.6,0.4992803945936978,0.5892857142857143,0.5598507263734642,1.0,0.6666666666666667,0.1099999999999999,0.3166109812345436
Turkmen,17,19,20,19,76,turk1304,turk1304,stan1293,0.6576,0.4161,0.1941,1.0,0.7397,0.696,0.1864,0.517,0.1978524567131294,0.2956619937192472,19.70973,1.0,0.2,0.82,0.5983,0.805,0.9,0.5121357416021752,0.6666666666666667,0.5758044825624731,1.0,0.75,0.17,0.3855952262878418
Twi,19,20,22,21,82,twii1234,twii1234,stan1293,0.6677,0.1864,0.2039,0.9687,0.7406,0.7837,0.5096,0.4969,0.2083136335292551,0.3999441545628402,21.902376,1.0,0.3,0.75,0.5983,0.5687,0.8,,-1.0,-1.0,1.0,0.6666666666666667,0.13,-1.0
Uighur,22,23,21,20,86,uigh1240,uigh1240,stan1293,0.6973,0.4161,0.2253,1.0,0.779,0.7086,0.4407,0.576,0.2038496521448625,0.3556752911952656,20.49651,1.0,0.3,0.75,0.5983,0.8886,0.8,0.4808793629638822,0.6166666666666667,-1.0,1.0,0.8,0.06,0.4025411972632775
Ukrainian,20,22,22,20,85,ukra1253,ukra1253,stan1293,0.5559,0.3918,0.0762,0.9047,0.5803,0.6774,0.2677,0.4661,0.1512014288437571,0.2855467052225985,19.646692,0.9,0.1,0.51,0.4661,0.5687,0.5,0.4776210180764744,0.6730769230769231,0.4633457300296649,0.7738095238095238,0.75,0.0899999999999999,0.1875
Urdu,23,24,23,23,92,urdu1245,urdu1245,stan1293,0.6267,0.4973,0.2475,0.9196,0.6938,0.6962,0.4601,0.4923,0.1805471922233197,0.3065798264027521,19.911064,0.9,0.3,0.67,0.4923,0.5687,0.6,0.4709472548558304,0.7236842105263157,-1.0,0.8333333333333334,0.75,0.05,0.25252524289217865
Uzbek,24,24,12,22,82,uzbe1247,uzbe1247,stan1293,0.6679,0.3649,0.2081,1.0,0.7579,0.6969,0.3548,0.5491,0.211596989881741,0.30792316535256,21.890766,1.0,1.0,0.57,0.5983,0.5687,0.6,,-1.0,-1.0,-1.0,-1.0,-1.0,0.3642748746004972
Vietnamese,22,20,12,20,75,viet1252,viet1252,stan1293,0.6432,0.3881,0.3502,1.0,0.6943,0.9078,0.439,0.4769,0.2005828674011535,0.3916026141110484,20.579374,1.0,0.5,0.57,0.455,0.427,0.5,0.5007224634040737,0.7049180327868853,0.5445656288620602,1.0,0.6666666666666667,0.0799999999999999,0.2770017553258825
Wolof,14,16,18,16,64,nucl1347,nucl1347,stan1293,0.5674,0.4161,0.1752,1.0,0.5822,0.7323,0.3141,0.4731,0.1716685860689276,0.399984560518475,20.881353,1.0,0.2,0.49,0.4731,0.3498,0.5,,0.6379310344827587,0.5916079783099616,1.0,0.6666666666666667,0.0699999999999999,0.2935665339639742
Yoruba,20,21,21,21,82,yoru1245,yoru1245,stan1293,0.6545,0.4161,0.2026,1.0,0.6745,0.9496,0.5587,0.5093,0.1900481205397087,0.3850013678340016,19.981842,1.0,0.3,0.61,0.5093,0.5348,0.6,0.4982241148998836,0.6346153846153846,-1.0,1.0,0.6666666666666667,0.03,0.2600108059969815
