dataset,observation,native_language,native_code,target_language,target_code,speaking_score,asjp_lexical,concepts_lexical,glottolog_genetic,grambank_typological,l2v_featural,l2v_genetic,l2v_geographic,l2v_inventory,l2v_phonological,l2v_syntactic,modality_hyperbolic,modality_island,modality_speaker,phoible_phonological,qwals_typological,scripts_script,urielplus_featural,urielplus_genetic,urielplus_geographic,urielplus_inventory,urielplus_morphological,urielplus_phonological,urielplus_script,urielplus_syntactic
toefl,toefl_00001,Afrikaans,afri1274,English,stan1293,22,0.296874391491227,0.04,0.564393939393939,,0.6,0.6,0.4,0.5144,0.5687,0.63,16.763762,0.240640412095399,0.512526162044283,0.7,0.119345240294933,0.666666666666667,0.5915,0.6638,0.3303,0.4922,0.6902,0.3881,0.4161,0.6176
toefl,toefl_00002,Akan,akan1250,English,stan1293,21,,,1,,0.6,1,0.3,0.4969,0.5207,0.78,20.151758,0.206447714417622,0.39994415456284,,0.402400170603106,0.666666666666667,0.6619,1,0.2053,0.4969,0.7837,0.5096,0.4161,0.7287
toefl,toefl_00003,Albanian,alba1267,English,stan1293,23,,,,,0.6,1,1,0.5983,0.5687,0.57,16.834536,0.168655165511358,0.285904658148783,,0.19044817756204,,0.5618,0.7837,0.0811,0.4961,0.6564,0.3141,0.1789,0.5887
toefl,toefl_00004,Amharic,amha1245,English,stan1293,21,0.503618996145625,0.04,1,0.543358164784606,0.5,1,0.3,0.492,0.4816,0.61,21.115688,0.184890738204618,0.380675115958881,0.729411764705882,0.318158273135915,1,0.6184,1,0.2286,0.492,0.6894,0.3729,0.5933,0.6721
toefl,toefl_00005,Arabic,stan1318,English,stan1293,21,0.496845721165393,0.05,1,0.54824997463026,0.8,1,0.2,0.5983,0.5687,0.67,22.007307,0.185268650191994,0.315849726178265,0.793650793650794,0.302777787049611,1,0.6405,1,0.1832,0.5158,0.7252,0.3277,0.5574,0.6834
toefl,toefl_00006,Armenian,nucl1235,English,stan1293,22,0.488166806090352,0.0699999999999999,0.716666666666667,0.502570711032417,0.6,0.9,0.2,0.5064,0.5032,0.66,16.755886,0.186203601372036,0.256059564271076,0.694915254237288,0.277487243924822,1,0.621,0.8767,0.1503,0.5064,0.7211,0.439,0.2677,0.6576
toefl,toefl_00007,Assamese,assa1263,English,stan1293,24,,,0.833333333333333,,0.6,0.9,0.4,0.4638,0.5687,0.81,19.909649,0.18407811044221,0.342075561527491,0.56,0.38493589254526,0.75,0.6622,0.9248,0.2988,0.4638,0.6873,0.2677,0.6368,0.7969
toefl,toefl_00008,Azerbaijani,nort2697,English,stan1293,21,,,,,0.7,1,0.2,0.5491,0.5687,0.57,18.817411,0.208064628981427,0.313254744131402,,,,0.6532,1,0.1515,0.5491,0.7211,0.3277,0.641,0.7134
toefl,toefl_00009,Bambara,bamb1269,English,stan1293,17,,0.12,1,0.495433694306862,0.6,1,0.2,0.5032,0.39,0.67,20.85726,0.183352219990589,0.377180047069822,0.56140350877193,0.312703434425064,0.8,0.6251,1,0.1843,0.5032,0.6875,0.4878,0.4404,0.6806
toefl,toefl_00010,Belarusian,bela1254,English,stan1293,22,0.470658415255658,0.04,0.75,0.529728463363976,0.9,0.9,0.1,0.5983,0.5687,0.76,19.783377,0.168955655800941,0.276811985208209,,0.37962962962963,0.75,0.5928,0.8934,0.0725,0.4911,0.6946,0.2677,0.4161,0.6227
toefl,toefl_00011,Bemba,bemb1257,English,stan1293,22,,0.13,1,0.608580619450185,0.6,1,0.4,0.5043,0.5687,0.79,20.732475,0.22187437184817,0.455616950444458,0.638297872340426,0.379761934280396,0.666666666666667,0.6745,1,0.291,0.5043,0.737,0.5295,0.1864,0.7259
toefl,toefl_00012,Bengali,beng1280,English,stan1293,23,0.48605991166758,0.12,0.825757575757576,,0.6,0.875,0.4,0.4982,0.4054,0.7,18.103352,0.190385254325138,0.338877478734136,0.696969696969697,0.325450059844226,1,0.615,0.9196,0.3019,0.4982,0.6969,0.3729,0.6368,0.6748
toefl,toefl_00013,Berber,tach1250,English,stan1293,22,,0.0799999999999999,1,,0.6,1,0.1,0.5537,0.3433,0.88,21.09826,0.205063388666188,0.351062860752584,0.728571428571429,0.502823940543241,0.8,0.6709,1,0.1075,0.5537,0.7532,0.3729,0.4404,0.7413
toefl,toefl_00014,Bosnian,bosn1245,English,stan1293,24,0.447973753672688,,0.825757575757576,,0.8,0.9,0.1,0.5983,0.5687,0.61,23.954674,0.174878453718769,0.281783179584391,,0.5,0.75,0.5178,0.9196,0.0729,0.5093,0.5779,0.4034,0.1864,0.5136
toefl,toefl_00015,Bulgarian,bulg1262,English,stan1293,23,0.463217220716186,0.0699999999999999,0.791666666666667,,0.5,0.8571,0.1,0.521,0.2804,0.48,18.619728,0.175280987395613,0.292407999546662,0.666666666666667,0.201968853290264,0.75,0.5636,0.9131,0.0896,0.521,0.6236,0.2677,0.1864,0.5924
toefl,toefl_00016,Burmese,nucl1310,English,stan1293,21,0.485161709800197,0.0899999999999999,1,0.571428571428572,0.5,1,0.4,0.3323,0.2566,0.73,20.9274,0.175535607608333,0.377516370779029,0.546875,0.358875766877205,1,0.6225,1,0.319,0.3323,0.721,0.3141,0.6368,0.7446
toefl,toefl_00017,Catalan,stan1289,English,stan1293,23,0.458978820840091,0.05,0.833333333333333,0.485984469425323,0.5,0.9,0.1,0.4581,0.2804,0.53,18.165714,0.159228501660365,0.315396052514023,0.637931034482759,0.215603726250785,0.666666666666667,0.5343,0.9328,0.0526,0.4581,0.696,0.1864,0.1864,0.5465
toefl,toefl_00018,Cebuano,cebu1242,English,stan1293,23,0.486107814155779,0.0799999999999999,1,0.536056267418897,0.7,1,0.6,0.5371,0.5687,0.8,20.45974,0.178654675204432,0.447456563201428,0.581395348837209,0.329365094502767,0.666666666666667,0.635,1,0.4046,0.5371,0.7854,0.2677,0.1864,0.6734
toefl,toefl_00019,Chichewa (Nyanja),nyan1308,English,stan1293,22,0.488963740863056,0.11,1,,0.8,1,0.4,0.5983,0.5687,0.69,21.19484,0.202214289594367,0.453948280421112,,0.220653400864712,0.666666666666667,0.6888,1,0.3096,0.5233,0.7837,0.4934,0.1864,0.7608
toefl,toefl_00020,Chinese,mand1415,English,stan1293,21,0.494917150446141,0.0799999999999999,1,0.53252426193765,0.6,1,0.4,0.5926,0.39,0.55,18.87491,0.210733174876038,0.357435554548446,0.777777777777778,0.257795969645182,0.8,0.6462,1,0.3047,0.5926,0.8278,0.4878,0.641,0.6488
toefl,toefl_00021,Croatian,croa1245,English,stan1293,24,0.464663833492558,0.1,0.825757575757576,0.493480816306142,0.6,0.9,0.1,0.5093,0.5687,0.79,23.955406,0.174754927513953,0.278836013997524,0.636363636363636,,0.666666666666667,0.5212,0.9196,0.0639,0.5093,0.5779,0.4034,0.1864,0.5204
toefl,toefl_00022,Czech,czec1258,English,stan1293,24,0.471034484324374,0.06,0.773809523809524,0.477939740907875,0.6,0.9,0.1,0.5368,0.5687,0.66,18.86049,0.178673896547748,0.285964668718881,0.574074074074074,0.210868623521593,0.666666666666667,0.5992,0.9131,0.0481,0.5368,0.684,0.2677,0.1864,0.6234
toefl,toefl_00023,Danish,dani1285,English,stan1293,26,0.377783204790575,0.03,0.547619047619048,0.466995831226552,0.7,0.7,0,0.5983,0.5687,0.5,15.934754,0.162299177049591,0.286349287702212,0.75,0.117912257159198,0.666666666666667,0.5372,0.7323,0.0292,0.4346,0.7413,0.2617,0,0.5459
toefl,toefl_00024,Dutch,dutc1256,English,stan1293,25,0.329946874327002,0.03,0.541666666666667,0.413502667414068,0.5,0.6,0,0.4861,0.5687,0.49,14.338248,0.157329700162668,0.282829252479655,0.567164179104478,0.150146880707183,0.666666666666667,0.5343,0.7068,0.0174,0.4861,0.6462,0.3548,0.1864,0.5416
toefl,toefl_00025,English,stan1293,English,stan1293,24,0,0,0,0,0,0,0,0,2e-04,0,0.0004472136,0,7.64304687390892e-20,,0,0,0,0,0,0,0,0,0,0
toefl,toefl_00026,Estonian,esto1258,English,stan1293,23,0.487804635469014,0.03,1,0.446099736745471,0.8,1,0.1,0.5983,0.5687,0.69,21.241074,0.151770671506679,0.282092449337331,0.796296296296296,0.176106938144617,0.666666666666667,0.5622,0.9687,0.0711,0.5026,0.674,0.1864,0.641,0.5848
toefl,toefl_00027,Ewe,ewee1241,English,stan1293,18,,0.0699999999999999,1,0.517549169506766,0.6,1,0.3,0.5249,0.3695,0.66,20.448702,0.205663447582265,0.399187428375293,0.698412698412698,0.303791286709072,0.666666666666667,0.6361,1,0.2049,0.5249,0.7553,0.4646,0.1864,0.6777
toefl,toefl_00028,Farsi,west2369,English,stan1293,20,0.508289499506952,0.0799999999999999,0.816666666666667,0.50395263067897,0.6,0.9,0.3,0.4807,0.3433,0.72,16.829262,0.197173837102065,0.313273654020082,0.5,0.295388002748843,1,0.6099,0.9196,0.2083,0.4807,0.648,0.3729,0.641,0.6777
toefl,toefl_00029,Finnish,finn1318,English,stan1293,23,0.496929957558826,0.03,1,0.483560591623371,0.5,1,0.1,0.4694,0.2736,0.53,20.887901,0.168182668857995,0.286308133660257,0.672131147540984,0.18909001023802,0.666666666666667,0.5882,1,0.0812,0.4694,0.674,0.3141,0.1864,0.6446
toefl,toefl_00030,French,stan1290,English,stan1293,21,0.469752166391344,0.01,0.857843137254902,0.473160223407384,0.5,0.9,0,0.4753,0.427,0.46,19.669724,0.165780264195068,0.234188591562,0.62962962962963,0.183940554625236,0.666666666666667,0.5686,0.9386,0.0246,0.4753,0.7083,0.439,0.1864,0.5789
toefl,toefl_00031,Fulah,maas1239,English,stan1293,20,,0.0699999999999999,1,0.543105909355605,0.7,1,0.2,0.498,0.5687,0.57,21.42274,0.18891530809442,0.37727258654264,0.618181818181818,0.200000002980232,0.666666666666667,0.6224,1,0.1857,0.498,0.6995,0.427,0.4161,0.6645
toefl,toefl_00032,Ganda,gand1255,English,stan1293,22,,0.05,1,0.577350269189626,0.6,1,0.3,0.4928,0.5687,0.78,21.865604,0.216309945721817,0.408189688980755,0.56,0.324358989030887,0.666666666666667,0.6621,1,0.255,0.4928,0.7648,0.4407,0.4161,0.7165
toefl,toefl_00033,Georgian,nucl1302,English,stan1293,23,0.491385929332637,0.05,1,0.562429133857987,0.6,1,0.2,0.5667,0.4816,0.61,18.509977,0.211954398816555,0.298848487799584,0.615384615384615,0.320117314656576,1,0.6546,1,0.154,0.5667,0.738,0.4878,0.3333,0.6791
toefl,toefl_00034,German,stan1295,English,stan1293,26,0.382894082923236,0.04,0.583333333333333,,0.4,0.4286,0.1,0.4364,0.3277,0.42,16.285048,0.149701546370613,0.266889810577528,0.42,0.161405939451406,0.666666666666667,0.5076,0.6336,0.0437,0.4364,0.6465,0.3548,0.1864,0.5146
toefl,toefl_00035,Greek,mode1248,English,stan1293,23,0.489915478418256,0.02,0.816666666666667,0.498754668053817,0.5,0.8333,0.1,0.5516,0.195,0.52,17.539917,0.171695533456631,0.27137750783629,0.617021276595745,0.22135365092671,1,0.5828,0.9047,0.0921,0.5516,0.7068,0.1864,0.3277,0.5837
toefl,toefl_00036,Gujarati,guja1252,English,stan1293,22,,0.17,0.825757575757576,,0.6,0.9,0.3,0.4753,0.5687,0.68,17.726118,0.179475488396775,0.331884592984245,0.777777777777778,0.19300144368952,1,0.6017,0.9196,0.2639,0.4753,0.6873,0.3333,0.6368,0.6644
toefl,toefl_00037,Hausa,haus1257,English,stan1293,21,0.498068875637655,0.1,1,0.527589343584494,0.5,1,0.2,0.5337,0.427,0.45,19.48854,0.174207748505111,0.376416157938257,0.629032258064516,0.275569362916808,0.666666666666667,0.572,1,0.1885,0.5337,0.6892,0.439,0.4161,0.567
toefl,toefl_00038,Hebrew,hebr1245,English,stan1293,24,0.487811173437931,0.04,1,0.486820520986101,0.6,1,0.2,0.5549,0.5687,0.52,21.960886,0.173332427976355,0.297389100003974,0.604166666666667,0.231430318233741,1,0.6064,1,0.1521,0.5549,0.7193,0.4788,0.6035,0.6006
toefl,toefl_00039,Hiligaynon,hili1240,English,stan1293,23,,0.1,1,0.559016994374948,0.6,1,0.6,0.4911,0.5687,0.66,22.11605,0.175881623284045,0.452288439819878,0.555555555555556,0.261594191841457,0.666666666666667,0.6122,1,0.3975,0.4911,0.7532,0.1864,0.1864,0.6663
toefl,toefl_00040,Hindi,hind1269,English,stan1293,24,0.474303754553279,0.03,0.833333333333333,0.5803340113821,0.5,0.9,0.4,0.4684,0.3433,0.59,19.157167,0.193505261141854,0.340122443129191,0.712328767123288,0.244765536475728,0.75,0.6094,0.9196,0.2707,0.4684,0.7597,0.3729,0.3918,0.6586
toefl,toefl_00041,Hungarian,hung1274,English,stan1293,23,0.498070860518359,0.05,1,0.511408311956759,0.5,1,0.1,0.4581,0.3433,0.6,19.918598,0.180810647393742,0.283430727316671,0.581818181818182,0.254298951890734,0.75,0.5979,1,0.0665,0.4581,0.7323,0.3277,0.1864,0.641
toefl,toefl_00042,Icelandic,icel1247,English,stan1293,24,,0.03,0.583333333333333,0.464531456076131,0.5,0.7,0.1,0.4694,0.5687,0.47,20.34326,0.14114342720517,0.299810422141954,0.631578947368421,0.178481729063269,0.666666666666667,0.5505,0.7323,0.0642,0.4694,0.6936,0.427,0,0.5584
toefl,toefl_00043,Igbo,nucl1417,English,stan1293,21,,0.18,1,0.512724680445699,0.5,1,0.3,0.4772,0.427,0.61,19.234743,0.197639083966715,0.385275823420937,0.509803921568627,0.243320104810927,0.666666666666667,0.6286,1,0.2142,0.4772,0.7854,0.4878,0.1864,0.6773
toefl,toefl_00044,Indonesian,indo1316,English,stan1293,21,0.485576939394924,0.0699999999999999,1,0.519615242270663,0.5,1,0.6,0.4546,0.2736,0.52,22.224,0.170368413831951,0.483676210311153,0.520833333333333,0.260714292526245,0.666666666666667,0.59,1,0.4185,0.4546,0.7434,0.3277,0.4161,0.6388
toefl,toefl_00045,Italian,ital1282,English,stan1293,22,0.467123870501874,0.02,0.825757575757576,0.475531968711181,0.5,0.9,0.1,0.5064,0.5687,0.51,19.44084,0.159481975611323,0.284544006497919,0.6,0.139545183915358,0.666666666666667,0.5595,0.9291,0.0615,0.5064,0.6658,0.2677,0.1864,0.5724
toefl,toefl_00046,Japanese,nucl1643,English,stan1293,17,0.501094861575527,0.06,1,0.580244273634327,0.6,1,0.5,0.5472,0.5032,0.66,16.566793,0.220943622562188,0.404119242610935,0.637931034482759,0.332641092936198,0.75,0.6712,1,0.3453,0.5428,0.7604,0.5587,0.3881,0.713
toefl,toefl_00047,Javanese,java1254,English,stan1293,16,0.502537593828766,0.21,1,0.543557306504609,0.6,1,0.6,0.4438,0.529,0.82,18.217724,0.173788098149803,0.484385458833275,0.568627450980392,0.258380947113037,0.75,0.5993,1,0.4052,0.4438,0.8019,0.427,0.1864,0.6407
toefl,toefl_00048,Kannada,nucl1305,English,stan1293,24,,0.03,1,0.569976399903277,0.5,1,0.4,0.4738,0.3498,0.64,20.353052,0.198436290788429,0.341740593165812,0.696969696969697,0.294500908484826,1,0.6406,1,0.3013,0.4738,0.6629,0.3333,0.5114,0.7397
toefl,toefl_00049,Kashmiri,kash1277,English,stan1293,24,,,0.791666666666667,0.53802758684897,0.5,0.9,0.3,0.4579,0.4121,0.65,17.929123,0.171693911626173,0.340700205109318,0.733333333333333,0.255674616495768,0.833333333333333,0.5936,0.8934,0.2387,0.4579,0.6518,0.3277,0.4973,0.6645
toefl,toefl_00050,Kazakh,kaza1248,English,stan1293,15,0.499683138603463,0.1,1,,0.9,1,0.2,0.5983,0.805,0.9,21.35208,0.240097063835315,0.29092828296459,,0.455026467641195,0.8,0.9187,1,0.1977,0.9139,0.6736,0.8136,0.4161,0.9186
toefl,toefl_00051,Khmer,cent1989,English,stan1293,21,,0.0899999999999999,1,0.512147519731584,0.6,1,0.5,0.5101,0.5207,0.64,21.16455,0.181110033752147,0.403843371236707,0.692307692307692,0.301735637343933,1,0.6253,1,0.3638,0.5101,0.8019,0.5456,0.6667,0.6443
toefl,toefl_00052,Kikuyu,kiku1240,English,stan1293,22,,0.06,1,0.585980796593117,0.6,1,0.3,0.5207,0.5687,0.75,21.628359,0.209956693595565,0.414342978716268,0.660377358490566,0.26550834243362,0.666666666666667,0.6859,1,0.2654,0.5207,0.798,0.5456,0.1864,0.7356
toefl,toefl_00053,Kinyarwanda,kiny1244,English,stan1293,21,0.500912821759768,0.12,1,,0.6,1,0.3,0.5182,0.5687,0.77,21.485485,0.200830180240158,0.417887430079258,0.603174603174603,0.281994074583054,0.666666666666667,0.6736,1,0.2595,0.5182,0.7771,0.5804,0.1864,0.7326
toefl,toefl_00054,Konkani,goan1235,English,stan1293,25,,,0.816666666666667,,0.6,0.9,0.4,0.5983,0.5687,0.57,18.539984,0.249068708727691,0.341972975502783,,,0.75,0.6468,0.9047,0.2923,0.6054,0.6736,0.5641,0.4404,0.6597
toefl,toefl_00055,Korean,kore1280,English,stan1293,21,0.495033564169102,0.0899999999999999,1,0.609694799626091,0.5,1,0.4,0.4866,0.4638,0.62,18.999586,0.222094851379448,0.376692405591195,0.704918032786885,0.285980793967176,1,0.6664,1,0.3292,0.4866,0.7699,0.5587,0.3141,0.7212
toefl,toefl_00056,Kurdish,cent1972,English,stan1293,21,0.469315302944268,0.0899999999999999,0.816666666666667,,0.9,0.9,0.2,0.5983,0.5687,0.92,18.120289,0.199259511947339,0.307310654426099,0.655172413793103,0.241833343505859,1,0.6454,0.9196,0.1645,0.4991,0.5901,0.3548,0.4161,0.77
toefl,toefl_00057,Lao,laoo1244,English,stan1293,20,0.496654643173886,0.0899999999999999,1,0.539687072220866,0.6,1,0.5,0.522,0.5687,0.59,19.990494,0.189466675758186,0.375757319633156,0.553571428571429,0.234963769498079,1,0.6435,1,0.3524,0.522,0.8611,0.427,0.6368,0.6791
toefl,toefl_00058,Latvian,stan1325,English,stan1293,24,,0.04,0.773809523809524,0.512989176042577,0.6,1,1,0.5983,0.5687,0.57,23.772718,0.176730590201159,0.281487203478907,0.627118644067797,,0.666666666666667,0.577,0.9687,0.0694,0.6361,0.6241,0.3548,0.1864,0.5449
toefl,toefl_00059,Lingala,ling1263,English,stan1293,17,,0.0799999999999999,1,0.573684516132894,0.6,1,0.3,0.5119,0.5687,0.67,25.203318,0.273666779282057,0.419747162757098,0.652173913043478,0.366170633406866,0.666666666666667,0.6947,1,0.2366,0.4951,0.8091,0.5096,0.1864,0.7495
toefl,toefl_00060,Lithuanian,lith1251,English,stan1293,24,0.477239727190589,0.12,0.716666666666667,0.528382264330365,0.5,0.9,0.1,0.4694,0.3498,0.68,18.998898,0.18525750854745,0.277291089467908,0.685714285714286,0.258445945945946,0.666666666666667,0.6047,0.8767,0.0673,0.4694,0.6723,0.3333,0.1864,0.6613
toefl,toefl_00061,Luo,luok1236,English,stan1293,22,,0.0799999999999999,1,0.578859684233937,0.5,1,0.3,0.3969,0.4054,0.63,24.11706,0.18114744276442,0.410120660711816,0.557692307692308,0.288056201622134,0.666666666666667,0.6223,1,0.2642,0.3969,0.8094,0.427,0.1864,0.6889
toefl,toefl_00062,Luxembourgish,luxe1241,English,stan1293,25,,,0.541666666666667,,0.8,0.6,0,0.5983,0.5687,0.72,14.377241,0.226146912211326,0.291149908434532,0.619047619047619,0,0.666666666666667,0.7912,0.6336,0.0255,0.7678,0.8869,0.6667,0.1864,0.7971
toefl,toefl_00063,Macedonian,mace1250,English,stan1293,24,0.453084590188497,0.03,0.791666666666667,0.515388203202208,0.6,0.9,0.1,0.5064,0.5687,0.57,18.871939,0.169194608842957,0.266844289308929,0.641509433962264,0.206802722385951,1,0.5765,0.9131,0.0868,0.5064,0.6704,0.2677,0.3918,0.6046
toefl,toefl_00064,Malagasy,plat1254,English,stan1293,19,,,,,0.6,1,0.5,0.5093,0.2736,0.68,20.896343,0.190655563011907,0.489984065251578,,0.309632861887226,,0.6491,1,0.3437,0.5093,0.7457,0.2617,0.641,0.7158
toefl,toefl_00065,Malay,stan1306,English,stan1293,22,0.480505845903898,0.05,1,0.55117825460955,0.6,1,0.5,0.4951,0.5687,0.79,24.103481,0.19413408116768,0.449768400789312,,0.196428567171097,0.666666666666667,0.6287,1,0.3806,0.4951,0.8344,0.1864,0.641,0.6707
toefl,toefl_00066,Malayalam,mala1464,English,stan1293,24,,0.05,1,0.607195906348905,0.6,1,0.4,0.5076,0.5687,0.77,20.65635,0.217975534692018,0.336402902677749,0.67741935483871,0.353985059059272,0.75,0.6577,1,0.314,0.5076,0.7268,0.3729,0.6336,0.7383
toefl,toefl_00067,Mandingo,mand1436,English,stan1293,20,,0.0699999999999999,1,0.535456148263597,0.6,1,0.2,0.5026,0.5687,0.7,24.77993,0.177720661982497,0.401452992215212,0.596153846153846,0.278070198862176,0.75,0.6293,1,0.1854,0.5026,0.7675,0.427,0.641,0.6722
toefl,toefl_00068,Marathi,mara1378,English,stan1293,24,0.475266189741334,0.05,0.833333333333333,0.557874976850475,0.6,0.9,0.4,0.4513,0.5687,0.7,19.728094,0.205741150016668,0.341697667354667,0.782051282051282,0.339852148486722,1,0.621,0.9131,0.2901,0.4513,0.754,0.3333,0.6213,0.6855
toefl,toefl_00069,Mongolian,mong1331,English,stan1293,20,0.488940573516402,0.0699999999999999,1,0.560478479207231,0.6,1,1,0.5983,0.5687,0.57,18.683977,0.19800645749178,0.342627443603684,0.68421052631579,0.331775486469269,1,0.6572,1,0.2656,0.5109,0.7264,0.3277,0.4867,0.7446
toefl,toefl_00070,Nepali,nepa1254,English,stan1293,22,,0.06,0.816666666666667,0.55097316501934,0.9,0.9,1,0.5983,0.5687,0.88,18.324528,0.18978209674615,0.330658297741316,0.716417910447761,0.352414025200738,1,0.6252,0.9047,0.2774,0.5014,0.6892,0.2677,0.1864,0.6956
toefl,toefl_00071,Norwegian,norw1258,English,stan1293,25,0.497573999459643,,1,,0.8,0.7,0.1,0.5983,0.5687,0.59,16.164381,0.153072484629733,0.287905882349575,,0.123025798797607,0.666666666666667,0.5311,0.7048,0.0423,0.4769,0.6356,0.409,0,0.5352
toefl,toefl_00072,Oriya,oriy1255,English,stan1293,24,,0.0799999999999999,0.816666666666667,0.571518298770167,0.6,0.9,1,0.5983,0.5687,0.57,18.80561,0.192762939968482,0.342101650983917,0.794117647058824,0.384325436183385,1,0.6317,0.9131,0.2962,0.4473,0.7083,0.1864,0.641,0.7195
toefl,toefl_00073,Oromo,west2721,English,stan1293,19,,,1,,0.9,1,0.3,0.5983,0.5687,0.91,22.193323,0.24613955770675,0.384304824970485,,0.357142853736877,0.666666666666667,0.859,1,0.2336,0.7509,0.6736,0.7323,0.641,0.9132
toefl,toefl_00074,Polish,poli1260,English,stan1293,23,0.483498677539494,0.05,0.791666666666667,0.559850726373464,0.5,0.9,0.1,0.5472,0.2804,0.59,20.819458,0.196306578078753,0.278776757706189,0.815384615384615,0.222822305632801,0.666666666666667,0.5977,0.9047,0.0549,0.5472,0.6689,0.1864,0.1864,0.6206
toefl,toefl_00075,Portuguese,port1283,English,stan1293,22,0.478922696621041,0.0799999999999999,0.854166666666667,0.481999203654147,0.5,0.9,0.1,0.4235,0.5687,0.47,19.307278,0.153018482995216,0.500868459219414,0.716666666666667,0.160884346280779,0.666666666666667,0.5261,0.9359,0.0512,0.4235,0.6902,0.3277,0.1864,0.5368
toefl,toefl_00076,Punjabi,panj1256,English,stan1293,23,0.469350533643146,0.05,0.825757575757576,0.564276492686879,0.6,0.9,0.3,0.4336,0.5687,0.65,18.090515,0.194051934544261,0.325111145902885,0.76,0.301082235394102,1,0.6057,0.9131,0.2534,0.4336,0.7244,0.2617,0.5392,0.6784
toefl,toefl_00077,Pushtu,pash1269,English,stan1293,20,,,0.75,,,,,,,,,,,0.701754385964912,,1,,,,,,,,
toefl,toefl_00078,Romanian,roma1327,English,stan1293,23,0.465095880761238,0.06,0.825757575757576,,0.5,0.9,0.1,0.4997,0.3498,0.53,18.942312,0.152571034227631,0.287976568484435,0.551020408163265,0.170426067553068,0.666666666666667,0.5476,0.9248,0.0797,0.4997,0.6104,0.2677,0.1864,0.5772
toefl,toefl_00079,Russian,russ1263,English,stan1293,22,0.459441807880972,0.0799999999999999,0.75,0.535193573208816,0.5,0.9,0.2,0.5594,0.2804,0.49,18.162127,0.18197902049851,0.269571529203966,0.761904761904762,0.19356024825333,1,0.5951,0.8934,0.1849,0.5594,0.6596,0.3277,0.3918,0.6046
toefl,toefl_00080,Serbian,serb1264,English,stan1293,23,,0.1,0.825757575757576,,0.8,0.9,0.1,0.5983,0.8632,0.62,23.965153,0.174754927513953,0.284398816116161,0.825396825396825,,0.75,0.5804,0.9196,0.079,0.5093,0.6774,0.2677,0.1864,0.6067
toefl,toefl_00081,Shona,shon1251,English,stan1293,23,0.498100497974631,0.11,1,0.596978206238221,0.6,1,0.4,0.5348,0.5687,0.75,20.212133,0.222959455838546,0.480058346108636,0.698412698412698,0.301449278126592,0.666666666666667,0.6818,1,0.3141,0.5348,0.7689,0.5456,0.1864,0.7363
toefl,toefl_00082,Sindhi,sind1272,English,stan1293,24,,0.05,0.825757575757576,,0.6,0.9,0.3,0.494,0.4054,0.57,18.214127,0.190200264616714,0.323669976989573,0.708333333333333,0.199206352233887,1,0.6125,0.9131,0.2493,0.494,0.6983,0.3141,0.5804,0.6767
toefl,toefl_00083,Sinhalese,sinh1246,English,stan1293,22,,0.15,0.791666666666667,,0.6,0.9,0.4,0.4991,0.4121,0.78,19.592552,0.18559602748721,0.397105183184978,0.68421052631579,0.30677436646961,1,0.6217,0.9047,0.3273,0.4991,0.6465,0.2677,0.5765,0.7086
toefl,toefl_00084,Slovak,slov1269,English,stan1293,24,0.487538594722823,0.06,0.773809523809524,,0.6,0.9,0.1,0.5983,0.5687,0.57,22.891241,0.249068708727691,0.285142854751967,0.661290322580645,0.367063522338867,0.666666666666667,0.6468,0.9047,0.0605,0.6054,0.6736,0.5641,0.1864,0.6597
toefl,toefl_00085,Slovenian,slov1268,English,stan1293,25,0.461849315274843,0.0899999999999999,0.773809523809524,0.512470743190538,0.5,0.9,0.1,0.4546,0.5687,0.56,18.864693,0.164064717255912,0.289931723473418,0.538461538461538,0.154404759407043,0.666666666666667,0.5672,0.9047,0.0559,0.4546,0.6722,0.2677,0.1864,0.6046
toefl,toefl_00086,Somali,soma1255,English,stan1293,20,0.493898748761382,0.1,1,0.602283237388536,0.5,1,0.3,0.4645,0.4816,0.62,21.263983,0.183652174350758,0.373107688187701,0.615384615384615,0.333596167626319,0.8,0.5981,1,0.2629,0.4645,0.641,0.439,0.1864,0.6641
toefl,toefl_00087,Spanish,stan1288,English,stan1293,21,0.468238237094023,0.03,0.845238095238095,,0.5,0.9,0.1,0.5481,0.3433,0.4,17.910675,0.160092842495181,0.37569292418397,0.725490196078431,0.185945984501167,0.666666666666667,0.556,0.9386,0.0575,0.5481,0.6548,0.2677,0.1864,0.5536
toefl,toefl_00088,Swahili,swah1253,English,stan1293,22,,,,,0.6,1,0.4,0.484,0.2736,0.71,21.272171,0.20253057191725,0.413059634879103,,0.283377114464255,,0.6574,1,0.294,0.484,0.8056,0.3729,0.5574,0.7195
toefl,toefl_00089,Swedish,swed1254,English,stan1293,25,0.335843872896457,0.05,0.611111111111111,0.455463289970375,0.5,0.7,0.1,0.5242,0.5687,0.42,16.41591,0.166970398543995,0.282104221689861,0.62962962962963,0.106498698665671,0.666666666666667,0.5511,0.7323,0.0557,0.5242,0.7896,0.3141,0,0.5136
toefl,toefl_00090,Tagalog,taga1270,English,stan1293,23,0.48723553663821,0.0699999999999999,1,0.593616839704664,0.5,1,0.5,0.461,0.3433,0.66,20.621298,0.182789081215727,0.383734307222391,0.511111111111111,0.348370946439585,0.75,0.6208,1,0.3864,0.461,0.8116,0.3277,0.4404,0.6668
toefl,toefl_00091,Tajik,taji1245,English,stan1293,19,0.436929772333691,0.0699999999999999,0.833333333333333,,0.8,0.9,0.3,0.5983,0.5687,0.68,19.248623,0.194493157621838,0.310734126153087,0.740740740740741,0.325875366435331,1,0.6909,0.9291,0.2123,0.5636,0.7832,0.4467,0.4161,0.7579
toefl,toefl_00092,Tamil,tami1289,English,stan1293,24,0.499433520603601,0.05,1,0.555389693317031,0.6,1,0.4,0.5014,0.5687,0.71,20.775375,0.201734292231991,0.331470654019418,0.67741935483871,0.389374191696579,0.8,0.6448,1,0.3158,0.5014,0.6854,0.2677,0.6215,0.7386
toefl,toefl_00093,Tatar,tata1255,English,stan1293,20,,0.0899999999999999,1,0.524142418360959,0.8,1,0.2,0.5983,0.805,0.75,21.352331,0.19635306312499,0.297617991286368,0.742424242424242,0.365759667896089,1,0.6459,1,0.1323,0.5371,0.684,0.1864,0.4161,0.7165
toefl,toefl_00094,Telugu,telu1262,English,stan1293,18,0.500922933574655,0.2,1,0.581675050747111,0.5,1,0.4,0.4519,0.3498,0.74,18.909454,0.195954732314238,0.340382626512569,0.695121951219512,0.302003200237568,1,0.621,1,0.2989,0.4519,0.7149,0.2677,0.5354,0.7072
toefl,toefl_00095,Thai,thai1261,English,stan1293,20,0.477070830894603,0.0799999999999999,1,0.525538272812244,0.5,1,0.5,0.4147,0.39,0.56,22.045734,0.181906480435776,0.401293199502723,0.6,0.27239010150616,1,0.5967,1,0.3501,0.4147,0.7977,0.427,0.6502,0.6522
toefl,toefl_00096,Tibetan,tibe1272,English,stan1293,22,,0.2,1,0.628490254498827,0.6,1,0.4,0.5252,0.4477,0.78,19.25976,0.224784028595606,0.344916004660478,0.64406779661017,0.303590620717695,0.75,0.7036,1,0.2901,0.5252,0.8094,0.4601,0.4359,0.7822
toefl,toefl_00097,Tigrinya,tigr1271,English,stan1293,22,0.47951691707175,0.05,1,,0.6,1,0.3,0.5229,0.5687,0.72,21.579094,0.200162449452605,0.367011369771664,0.752941176470588,0.387660283308763,1,0.6229,1,0.2148,0.5229,0.6764,0.409,0.5933,0.6798
toefl,toefl_00098,Turkish,nucl1301,English,stan1293,20,0.499280394593698,0.11,1,0.559850726373464,0.6,1,0.1,0.5183,0.3433,0.7,19.807714,0.198121323599049,0.300594163708628,0.589285714285714,0.316610981234544,0.666666666666667,0.6476,1,0.1194,0.5183,0.7323,0.3277,0.1864,0.7119
toefl,toefl_00099,Turkmen,turk1304,English,stan1293,20,0.512135741602175,0.17,1,0.575804482562473,0.9,1,0.2,0.5983,0.805,0.82,19.70973,0.197852456713129,0.295661993719247,0.666666666666667,0.385595226287842,0.75,0.6576,1,0.1941,0.517,0.696,0.1864,0.4161,0.7397
toefl,toefl_00100,Twi,twii1234,English,stan1293,22,,0.13,1,,0.8,1,0.3,0.5983,0.5687,0.75,21.902376,0.208313633529255,0.39994415456284,,,0.666666666666667,0.6677,0.9687,0.2039,0.4969,0.7837,0.5096,0.1864,0.7406
toefl,toefl_00101,Uighur,uigh1240,English,stan1293,21,0.480879362963882,0.06,1,,0.8,1,0.3,0.5983,0.8886,0.75,20.49651,0.203849652144863,0.355675291195266,0.616666666666667,0.402541197263277,0.8,0.6973,1,0.2253,0.576,0.7086,0.4407,0.4161,0.779
toefl,toefl_00102,Ukrainian,ukra1253,English,stan1293,22,0.477621018076474,0.0899999999999999,0.773809523809524,0.463345730029665,0.5,0.9,0.1,0.4661,0.5687,0.51,19.646692,0.151201428843757,0.285546705222599,0.673076923076923,0.1875,0.75,0.5559,0.9047,0.0762,0.4661,0.6774,0.2677,0.3918,0.5803
toefl,toefl_00103,Urdu,urdu1245,English,stan1293,23,0.47094725485583,0.05,0.833333333333333,,0.6,0.9,0.3,0.4923,0.5687,0.67,19.911064,0.18054719222332,0.306579826402752,0.723684210526316,0.252525242892179,0.75,0.6267,0.9196,0.2475,0.4923,0.6962,0.4601,0.4973,0.6938
toefl,toefl_00104,Uzbek,uzbe1247,English,stan1293,12,,,,,0.6,1,1,0.5983,0.5687,0.57,21.890766,0.211596989881741,0.30792316535256,,0.364274874600497,,0.6679,1,0.2081,0.5491,0.6969,0.3548,0.3649,0.7579
toefl,toefl_00105,Vietnamese,viet1252,English,stan1293,12,0.500722463404074,0.0799999999999999,1,0.54456562886206,0.5,1,0.5,0.455,0.427,0.57,20.579374,0.200582867401153,0.391602614111048,0.704918032786885,0.277001755325883,0.666666666666667,0.6432,1,0.3502,0.4769,0.9078,0.439,0.3881,0.6943
toefl,toefl_00106,Wolof,nucl1347,English,stan1293,18,,0.0699999999999999,1,0.591607978309962,0.5,1,0.2,0.4731,0.3498,0.49,20.881353,0.171668586068928,0.399984560518475,0.637931034482759,0.293566533963974,0.666666666666667,0.5674,1,0.1752,0.4731,0.7323,0.3141,0.4161,0.5822
toefl,toefl_00107,Yoruba,yoru1245,English,stan1293,21,0.498224114899884,0.03,1,,0.6,1,0.3,0.5093,0.5348,0.61,19.981842,0.190048120539709,0.385001367834002,0.634615384615385,0.260010805996982,0.666666666666667,0.6545,1,0.2026,0.5093,0.9496,0.5587,0.4161,0.6745
